predicted_proba,predicted_class
0.20877263,0
0.9991714,1
0.35190874,0
0.9926852,1
0.16076033,0
0.75114536,0
0.0384349,0
0.10496002,0
0.20250505,0
0.060986243,0
0.29111552,0
0.3820022,0
0.3390632,0
0.004485522,0
0.08962409,0
0.60821575,0
0.03447075,0
0.99771035,1
0.93966645,0
0.41427752,0
0.46331483,0
0.38536012,0
0.19588012,0
0.010687771,0
0.41050974,0
0.59262234,0
0.6302171,0
0.9996463,1
0.81138337,0
0.10906757,0
0.26147687,0
0.90467244,0
0.0036778902,0
0.9997671,1
0.77136666,0
1.0,1
0.0031329158,0
0.95238924,0
0.50725317,0
0.99677163,1
0.20453832,0
0.110520735,0
0.049117338,0
0.20436984,0
0.0033859015,0
0.90587604,0
0.6347667,0
0.27691808,0
0.104469046,0
0.04695775,0
0.27510136,0
0.27299958,0
0.7653791,0
0.92828655,0
0.0013864592,0
0.007892037,0
0.027474597,0
0.41179594,0
0.15338472,0
0.15255937,0
0.28459793,0
1.0,1
0.052870337,0
0.015966117,0
0.99998486,1
0.04850104,0
0.30091596,0
0.0005925673,0
0.46562082,0
0.36001465,0
0.9971072,1
0.19459312,0
0.32096782,0
0.21998784,0
0.07287925,0
0.5583809,0
0.08068993,0
0.99766445,1
0.0024058598,0
0.798578,0
0.27010465,0
0.0062618563,0
0.75307053,0
0.38679796,0
0.25216648,0
0.17014651,0
0.32467178,0
0.20318319,0
0.14940748,0
0.054625925,0
0.7352489,0
0.48524466,0
0.76473415,0
0.6074747,0
0.8711616,0
0.66780466,0
0.3793075,0
0.9999409,1
0.65393424,0
0.84978247,0
0.7849048,0
0.42546892,0
0.99829346,1
0.036308404,0
0.40487006,0
0.24346562,0
0.22433293,0
0.84867555,0
0.033968445,0
1.0,1
0.2390594,0
1.0,1
0.091332175,0
0.0064022224,0
0.6085033,0
8.158838e-05,0
0.99999917,1
0.79929215,0
0.036368042,0
0.5807145,0
0.00015869961,0
0.63851076,0
0.4420021,0
0.9999995,1
0.20103604,0
0.88372886,0
0.002650531,0
0.99999845,1
0.3469443,0
0.53191274,0
0.99707925,1
0.48658293,0
0.48003826,0
0.2779707,0
0.6434777,0
0.0011281859,0
0.6409553,0
0.9999765,1
0.40284726,0
0.0011054571,0
0.34560296,0
0.0040862863,0
0.51240915,0
4.2265106e-05,0
0.17135464,0
0.6315007,0
0.00088288257,0
0.014450216,0
0.3773125,0
1.0,1
5.340132e-05,0
0.002448591,0
0.2636608,0
0.45256698,0
0.9999981,1
0.17763782,0
0.11878704,0
0.63261586,0
1.0,1
0.020523997,0
0.054293208,0
0.99999976,1
0.13149753,0
0.7865012,0
0.15918508,0
0.05447327,0
0.85787195,0
0.07167524,0
0.9080734,0
0.0012000821,0
0.29283595,0
0.56689703,0
0.0068604206,0
0.3300753,0
0.11761813,0
0.29495275,0
0.84941167,0
0.36956516,0
0.33124575,0
0.67696166,0
0.2689069,0
0.014525338,0
1.0,1
0.26399422,0
0.7771919,0
0.79144406,0
0.6746225,0
0.7460612,0
0.034233704,0
0.07138698,0
0.84414923,0
0.6931834,0
0.99669635,1
0.9991227,1
0.5125774,0
0.20591274,0
0.2528669,0
0.9895891,0
0.05180206,0
0.08581557,0
0.9839824,0
0.004325998,0
0.005869488,0
0.17507966,0
0.021520497,0
0.4539953,0
1.0,1
0.41710415,0
0.0059488835,0
0.1265435,0
0.17116904,0
0.90010697,0
0.0067385463,0
0.2880835,0
0.2868759,0
0.035543676,0
0.1808956,0
0.6144783,0
0.0009081937,0
0.37671292,0
0.8128975,0
0.12784025,0
0.7806233,0
0.9497881,0
0.23056649,0
0.00070842943,0
0.9999473,1
0.48044252,0
0.7944475,0
0.00012214802,0
0.017155165,0
0.7339228,0
0.2559016,0
0.45209616,0
0.015719887,0
1.0,1
0.5352256,0
0.4350228,0
0.2175688,0
0.6063987,0
0.6496811,0
0.102941066,0
0.5743789,0
0.04563063,0
0.89082,0
0.8077018,0
0.10208526,0
0.21467745,0
0.4100029,0
0.5185127,0
0.0805659,0
0.4763554,0
0.98022115,0
0.4779155,0
0.055907886,0
0.061606333,0
0.15391465,0
0.9460551,0
0.61773217,0
0.0049355887,0
0.6090405,0
0.57565886,0
0.98549473,0
0.5164582,0
0.01567402,0
0.14708227,0
0.22527012,0
0.9606087,0
0.4096116,0
1.0,1
0.009919991,0
0.7689035,0
0.32922405,0
0.71348435,0
0.22391896,0
0.32841042,0
0.98271865,0
0.15086144,0
1.0,1
0.33707464,0
1.0,1
0.9999993,1
0.6467613,0
0.89478076,0
0.99981743,1
0.92246675,0
0.0005086464,0
0.35438088,0
0.89505845,0
0.937921,0
0.0031954693,0
0.30071837,0
0.9418837,0
0.21837813,0
0.014936229,0
0.45448983,0
0.55363905,0
0.55293924,0
0.042253997,0
0.1802322,0
0.9999999,1
0.3154795,0
0.99869835,1
0.15127617,0
0.31401226,0
0.09938375,0
0.00022596658,0
0.00028393182,0
1.0,1
0.52787054,0
0.37823945,0
0.0030836614,0
0.22034532,0
0.5793371,0
0.024527024,0
0.04917331,0
0.80788743,0
1.0,1
0.32608142,0
0.34399533,0
0.0009487985,0
0.6579321,0
0.450593,0
0.9304718,0
0.31672487,0
0.13731666,0
0.40132087,0
0.83361363,0
0.12977219,0
0.26623157,0
0.38590172,0
0.25380382,0
0.81573945,0
1.0,1
0.15958977,0
0.01712814,0
0.386075,0
0.9963593,1
0.2583834,0
0.20199299,0
1.0,1
0.54750925,0
0.7266253,0
0.2716944,0
0.75047475,0
0.9054558,0
0.06359505,0
0.0022415537,0
0.28852147,0
0.11890162,0
0.6550062,0
0.06528951,0
0.4235913,0
0.011008789,0
0.68766403,0
0.8118061,0
0.018343577,0
0.30983332,0
0.85484076,0
0.71477664,0
0.9994991,1
0.9998765,1
0.2834737,0
0.0057605114,0
0.121413805,0
0.12422518,0
0.22034581,0
0.28121084,0
0.33745822,0
0.3417991,0
0.45322812,0
0.541815,0
0.19330868,0
0.19981357,0
0.03285445,0
0.9923205,1
0.90242887,0
0.8773172,0
0.38132492,0
0.13788967,0
0.055417735,0
0.067913264,0
0.49056163,0
0.7363389,0
0.23690733,0
0.9384271,0
0.29583144,0
0.3294462,0
0.13798203,0
0.39341137,0
0.2505372,0
0.458326,0
0.27914825,0
0.038201623,0
0.5324228,0
0.9975165,1
0.40355822,0
0.862464,0
0.016784025,0
0.3840364,0
0.9968305,1
0.9999863,1
0.084878184,0
0.89887685,0
0.6990726,0
0.8397632,0
0.099714205,0
0.73603535,0
0.76134366,0
0.074104965,0
0.49695304,0
0.5503947,0
0.3368605,0
0.0007946543,0
0.11534804,0
0.40241557,0
0.21256553,0
0.39850423,0
0.9999999,1
0.29194313,0
0.16999865,0
0.18611714,0
0.17225161,0
0.71431756,0
0.12894091,0
0.1962479,0
0.8609142,0
0.01461203,0
0.43676436,0
0.01688538,0
1.0,1
0.0010402788,0
0.77467483,0
0.033827096,0
0.34072983,0
0.2581583,0
0.7743008,0
0.26711562,0
0.00020047723,0
0.0022949227,0
0.27666673,0
0.06333994,0
0.86068624,0
0.66455245,0
0.99316436,1
0.00134231,0
0.9489072,0
0.023167241,0
0.34418738,0
0.19370273,0
0.043820705,0
0.43170232,0
0.9999999,1
0.29524058,0
1.0,1
0.21065849,0
0.017984323,0
0.4411515,0
0.08699607,0
2.3222885e-05,0
0.2247626,0
0.29903573,0
0.2280513,0
0.7414319,0
0.010022759,0
0.0794659,0
0.23734517,0
0.9240888,0
0.31800798,0
0.82316405,0
0.6432673,0
0.04633101,0
0.0006654147,0
0.026979443,0
0.24713168,0
0.7433592,0
0.051459227,0
0.1584167,0
0.4711035,0
0.4815297,0
0.25126755,0
0.5344798,0
0.40718395,0
0.2572691,0
0.07526516,0
0.083733395,0
0.41838712,0
0.7108872,0
0.4632443,0
0.3656965,0
0.69668156,0
0.14968711,0
0.28461146,0
0.97532254,0
0.5642022,0
0.2966586,0
0.09804671,0
0.6750926,0
0.34807786,0
0.32830074,0
0.13585502,0
0.46384576,0
0.6178766,0
0.36488137,0
0.64222383,0
1.0,1
0.10285661,0
0.7446964,0
0.00040773596,0
0.6524192,0
0.27064842,0
0.16665436,0
1.0,1
0.99974924,1
0.21666688,0
0.084948696,0
0.12831295,0
0.32114846,0
0.33500203,0
0.003961555,0
0.27089444,0
0.028796252,0
0.0027024546,0
0.9916877,1
0.8006938,0
0.30194205,0
0.06742256,0
0.066957675,0
0.69421834,0
0.43039382,0
0.012166067,0
0.23781416,0
0.21425693,0
0.4484003,0
0.5175033,0
0.10878042,0
0.0080677895,0
0.12795459,0
1.0,1
0.24395916,0
0.002277827,0
0.025988748,0
0.11517834,0
0.439918,0
0.85357106,0
0.0055562602,0
0.37297043,0
0.09450416,0
0.99757665,1
0.50404274,0
0.35776153,0
0.12457137,0
0.638326,0
0.3481739,0
0.3507943,0
0.62184864,0
0.9878548,0
0.63040453,0
0.58993566,0
0.27185193,0
0.8030338,0
0.0008407655,0
2.8390947e-05,0
0.6164427,0
0.0012854058,0
0.99648917,1
0.07791244,0
0.157765,0
0.0071227,0
0.004833337,0
0.7496074,0
0.00562809,0
0.31017178,0
0.8069079,0
0.038358018,0
0.44189987,0
0.77949834,0
0.7744772,0
0.22537112,0
0.9906542,1
0.59856516,0
0.83150035,0
0.868128,0
0.60544264,0
0.43458968,0
0.37115127,0
0.07887342,0
0.9098531,0
0.5459286,0
0.063791804,0
0.0012840476,0
0.19667329,0
0.001766754,0
0.9171866,0
0.06614933,0
0.39554095,0
0.43710682,0
0.557227,0
0.9906741,1
0.44376826,0
1.0,1
0.99999905,1
0.32598048,0
0.0040616225,0
0.57769054,0
0.4427278,0
0.004259434,0
0.5032812,0
0.0041100523,0
0.40236065,0
0.80852014,0
0.008232912,0
0.53311175,0
0.9993105,1
0.8988691,0
0.0018621659,0
0.5068781,0
0.20570293,0
0.6345883,0
0.5384227,0
0.03434118,0
0.120346926,0
0.67171514,0
0.9999999,1
0.13244367,0
0.40172464,0
0.00024102979,0
0.13082506,0
0.61857575,0
0.40606636,0
0.6840816,0
0.1371423,0
0.26480383,0
0.7955862,0
1.0,1
0.04986675,0
0.003018711,0
0.0014213098,0
0.38319665,0
0.38089758,0
0.6503966,0
0.007877259,0
2.4384368e-08,0
0.51863647,0
0.43022043,0
0.33579728,0
0.99999607,1
0.32383138,0
0.049699847,0
0.5658859,0
0.2837547,0
0.32811433,0
0.072963804,0
0.33510157,0
0.12356411,0
0.07709542,0
0.015255181,0
0.31745902,0
0.014740762,0
0.3521216,0
0.3044829,0
0.4140294,0
0.79516625,0
0.29108572,0
0.54712284,0
0.78613174,0
0.18998986,0
0.24565211,0
0.047912546,0
0.50533116,0
0.49260396,0
0.9349206,0
0.04289598,0
0.012329573,0
0.22317669,0
0.15108882,0
0.33071598,0
1.0,1
0.29083624,0
0.0204131,0
0.25708482,0
0.04554639,0
0.66042197,0
0.3626319,0
0.124536686,0
0.022313237,0
0.5230615,0
0.36800987,0
0.8229364,0
0.3449318,0
0.880803,0
0.99934846,1
0.47203013,0
0.32613325,0
0.7300623,0
0.16528358,0
0.008868345,0
1.0,1
0.9186778,0
0.57095134,0
0.9359127,0
0.38918215,0
0.29057086,0
0.99970466,1
0.90661836,0
0.27703753,0
1.0,1
0.19497655,0
0.063543364,0
0.28835973,0
0.62198275,0
0.10766506,0
0.5878391,0
0.16985622,0
0.20895052,0
0.25592992,0
0.5371524,0
0.29102156,0
0.35322735,0
0.3049266,0
0.102510646,0
0.508622,0
0.7442687,0
0.41597217,0
0.6378216,0
0.79530567,0
0.8636015,0
0.05571147,0
0.73127633,0
0.025648171,0
0.39795884,0
0.027258022,0
0.34423718,0
0.9999968,1
0.08639306,0
0.52538,0
0.33563069,0
0.73588383,0
0.04143942,0
0.2671389,0
0.8860574,0
0.23982517,0
0.7920815,0
0.7119275,0
0.5453726,0
0.1633465,0
0.81468374,0
0.15180437,0
0.46600944,0
0.022787085,0
0.037573718,0
0.7843974,0
0.046253327,0
0.03952964,0
0.21047181,0
0.33454084,0
0.992226,1
0.37131175,0
0.8793968,0
0.26432073,0
0.42106086,0
0.5219387,0
0.27281642,0
0.9060953,0
0.9885831,0
0.4330111,0
0.2575402,0
0.03197801,0
1.0,1
0.26264375,0
0.95685726,0
0.25507283,0
0.9672834,0
0.27995923,0
0.9999999,1
0.12981665,0
0.6184597,0
0.46033236,0
0.3338285,0
0.90770113,0
0.7787149,0
0.5610171,0
0.026673455,0
0.39379522,0
0.030780235,0
0.17223796,0
0.37911522,0
0.5535329,0
0.26480585,0
0.77895993,0
0.014918699,0
0.07063675,0
0.2713175,0
0.4224015,0
0.28523046,0
0.012517165,0
0.8617216,0
0.025998428,0
0.99886864,1
0.86057025,0
0.5786958,0
0.46068907,0
0.8308859,0
0.69029564,0
0.25043887,0
1.7918637e-05,0
0.5334117,0
0.37236837,0
0.49071845,0
0.37192553,0
0.9719381,0
0.09905284,0
0.057497673,0
0.8595496,0
0.99913377,1
0.5110645,0
0.47458544,0
0.3839609,0
0.5315989,0
0.07379209,0
0.99999976,1
1.0,1
1.0,1
0.013896314,0
0.99586844,1
0.06604002,0
0.19744194,0
0.018550696,0
0.9985384,1
0.72266567,0
0.0297557,0
0.97624534,0
1.0,1
0.09374224,0
0.31553218,0
0.5459891,0
0.11627845,0
0.015414563,0
0.86779493,0
0.25861806,0
0.24033482,0
0.6584263,0
0.00052988593,0
0.8002194,0
0.04034264,0
0.35480973,0
0.9967534,1
0.26619413,0
0.024405373,0
0.07548786,0
0.04234257,0
0.18156411,0
0.9782391,0
0.55256534,0
0.42411667,0
0.92827225,0
0.0069011967,0
0.28246248,0
0.0832257,0
0.21652251,0
0.16582744,0
0.8697234,0
0.5136444,0
0.6318218,0
0.18888587,0
0.66456753,0
0.28549498,0
0.46467465,0
0.34338954,0
0.5786142,0
0.87125206,0
0.3309099,0
0.3636057,0
0.25215623,0
0.77752376,0
0.20577405,0
0.06334863,0
0.11545251,0
0.9427522,0
0.037686612,0
0.1914528,0
0.7217135,0
0.5433441,0
0.18948509,0
0.9928397,1
1.0,1
0.9215494,0
0.012857155,0
0.25071633,0
0.60345614,0
0.0008327414,0
0.8101144,0
0.022079142,0
0.33251077,0
0.00851509,0
1.0,1
0.4875202,0
0.275929,0
0.3167448,0
0.9998534,1
0.018545296,0
0.015657753,0
0.001220493,0
1.0,1
0.16299576,0
0.6473835,0
0.6752981,0
0.63917774,0
0.25282833,0
0.32103533,0
0.52165246,0
0.9138317,0
0.1796802,0
0.038966645,0
0.14812528,0
0.2209072,0
0.0034548612,0
0.001376867,0
0.0005675339,0
0.031127376,0
0.030806271,0
0.06647816,0
1.2815761e-05,0
0.096803345,0
0.9737995,0
0.42034402,0
0.02715881,0
0.17960897,0
1.0,1
0.7200251,0
0.40429333,0
0.22689784,0
0.5764527,0
1.0,1
0.5939841,0
0.13937527,0
0.40031892,0
1.899392e-07,0
1.0,1
1.0,1
0.50427675,0
0.35333392,0
0.5678671,0
0.059729964,0
0.97446555,0
0.2055472,0
0.2683732,0
0.42664045,0
0.0005638078,0
0.94768083,0
0.06560773,0
0.6196834,0
5.6345107e-06,0
0.47015068,0
0.39242703,0
0.44193095,0
0.00032616733,0
0.5643348,0
0.98859173,0
0.6401678,0
0.36239594,0
0.96456295,0
0.008269267,0
0.18915603,0
0.14204891,0
0.12839098,0
0.374603,0
0.023517665,0
0.0060146693,0
0.015685117,0
0.44399583,0
0.9330283,0
0.8675829,0
0.05191259,0
0.34166756,0
0.1504063,0
0.41513485,0
0.29711515,0
1.0,1
0.752139,0
0.0010416504,0
0.09825556,0
0.020166278,0
1.0,1
0.97267604,0
0.98183423,0
0.20315763,0
0.1768318,0
0.39380535,0
9.3669904e-08,0
0.08598162,0
0.9985611,1
0.9916386,1
0.57002866,0
0.31638134,0
0.9138777,0
0.25920197,0
0.00026229833,0
0.3365846,0
0.8768281,0
0.47952756,0
0.25908798,0
0.819127,0
0.9859951,0
0.003993304,0
4.872968e-09,0
0.20961861,0
0.841945,0
0.42436102,0
0.10075921,0
0.049570527,0
0.0077994955,0
0.18256786,0
0.34049106,0
0.24711438,0
0.2362542,0
0.16876706,0
0.051215656,0
0.7741012,0
0.7704739,0
0.12214801,0
0.1572178,0
0.33251292,0
0.7281852,0
0.25053945,0
0.29431066,0
0.6196005,0
0.022001544,0
0.13676447,0
0.6196373,0
0.6169711,0
0.0002490325,0
0.88411224,0
0.0217969,0
0.009564638,0
1.0,1
0.37883025,0
0.94780535,0
0.0003205766,0
0.56194305,0
0.005166986,0
0.26887798,0
0.42472997,0
0.0059003583,0
1.0,1
0.1552374,0
0.31847516,0
0.63019454,0
0.9785122,0
0.61094356,0
0.99999714,1
0.420437,0
0.03106889,0
0.09918263,0
0.39594224,0
0.12257097,0
0.15456897,0
0.10148611,0
0.41128394,0
0.35044473,0
0.95248926,0
0.038024973,0
0.44168058,0
1.0,1
0.36217678,0
0.07486718,0
0.95982295,0
0.23989648,0
0.95595366,0
0.28825507,0
0.9913799,1
0.51977265,0
0.37610346,0
0.9999999,1
0.022145664,0
0.085304715,0
0.33808404,0
0.53577983,0
0.773584,0
0.31077263,0
0.4566103,0
0.9603466,0
1.0,1
0.21877179,0
0.9208438,0
0.64877135,0
0.49914256,0
0.5549752,0
0.014096234,0
0.022916881,0
0.05444373,0
0.023235388,0
0.6300907,0
0.99956495,1
0.48557955,0
0.08630711,0
0.99151284,1
0.46147034,0
0.27568996,0
0.927666,0
0.00011856865,0
0.40943146,0
0.11537023,0
0.31940573,0
0.3202886,0
0.90396774,0
0.12506352,0
0.0004232147,0
0.35064846,0
0.0031234138,0
0.13907284,0
1.0,1
0.12702847,0
0.16180417,0
1.7326884e-05,0
0.8201025,0
0.5660518,0
0.66365016,0
0.6786847,0
1.8995666e-05,0
0.72266465,0
0.38611794,0
0.6342552,0
0.051876348,0
0.99922884,1
2.7887742e-08,0
0.13717417,0
0.18867283,0
0.99924076,1
0.47514698,0
0.0057602134,0
0.6996189,0
0.039719388,0
0.01671745,0
0.35010165,0
0.06352549,0
0.035973456,0
0.12789318,0
0.95262897,0
0.51850367,0
0.29467204,0
0.31339648,0
0.28617996,0
0.002893301,0
0.0041812253,0
0.036219366,0
0.55122477,0
0.36377773,0
0.10903671,0
0.33179876,0
0.15726238,0
0.9312677,0
0.4173732,0
0.06387189,0
0.16835155,0
0.04726253,0
0.9954276,1
0.0702678,0
0.29641613,0
0.65792614,0
0.258214,0
0.4903565,0
0.4346939,0
0.24663638,0
0.0003732446,0
0.35967273,0
0.10493624,0
0.89933205,0
0.9970931,1
0.6827656,0
0.90074736,0
0.4142907,0
0.22625606,0
0.023347985,0
0.015471722,0
0.5778386,0
0.92351884,0
0.19388591,0
0.98877317,0
0.27467197,0
0.009206139,0
0.061654262,0
0.43215397,0
0.6152289,0
0.003903286,0
0.031312473,0
0.32994452,0
0.0047663334,0
0.023465225,0
0.3038597,0
0.06810706,0
0.21811786,0
0.5898188,0
0.51476175,0
6.886511e-05,0
0.43168357,0
0.57438904,0
1.0,1
0.2709341,0
0.18530057,0
0.11601926,0
0.13734365,0
0.6986176,0
0.6278305,0
0.30708548,0
0.7687192,0
0.4672629,0
0.012447104,0
0.13488597,0
0.106963485,0
0.5432958,0
0.0051094294,0
0.83520085,0
0.29439548,0
0.24783239,0
0.8904429,0
1.0,1
0.1486529,0
0.3221854,0
0.017647713,0
0.05725755,0
0.052612487,0
0.47218534,0
0.08833778,0
0.033359844,0
0.57141036,0
0.8146135,0
0.6873142,0
0.54911727,0
0.9999064,1
0.00133898,0
0.0029752334,0
0.5663666,0
0.9344961,0
0.8395286,0
0.67331016,0
0.76607496,0
0.533221,0
0.4209153,0
0.00184459,0
0.5520071,0
0.18002872,0
0.0032264262,0
0.4936536,0
0.07754476,0
0.0062809344,0
0.9962076,1
0.6227032,0
0.3179758,0
0.08123598,0
0.35697684,0
0.99289626,1
0.02201867,0
0.544406,0
0.42509276,0
0.11705525,0
0.8552625,0
0.2287714,0
0.07871692,0
0.14110793,0
0.30462104,0
0.9677316,0
0.13553606,0
0.9151809,0
0.6915046,0
0.42413473,0
0.0002555845,0
0.77498883,0
0.0029870905,0
0.15541194,0
0.36529583,0
0.72563356,0
0.4169687,0
0.0636749,0
0.5513344,0
0.33788398,0
0.29736087,0
0.97107667,0
1.0,1
1.0,1
0.12626556,0
0.5816589,0
0.42311496,0
0.0039826655,0
0.8953472,0
0.25649,0
0.3181921,0
0.76264924,0
0.6531657,0
0.2071457,0
1.0,1
0.9893142,0
0.34131894,0
0.50222546,0
0.032429464,0
0.8610424,0
0.9961844,1
0.2694963,0
0.2904689,0
0.56846184,0
0.7564965,0
0.2374985,0
0.020730134,0
0.0015145412,0
0.79402804,0
0.26774842,0
0.72885615,0
0.02703341,0
0.50460124,0
0.1934066,0
1.0,1
0.2848208,0
1.0,1
0.038312163,0
0.0005240199,0
0.13390926,0
0.15264507,0
0.123849474,0
0.03750961,0
0.29457715,0
0.11498844,0
0.30534032,0
0.26609534,0
0.2989455,0
0.0035950185,0
0.10641736,0
0.5979028,0
0.4466958,0
0.71150994,0
0.289152,0
0.020445418,0
0.41607872,0
0.7351895,0
0.21667421,0
0.13639161,0
0.15177844,0
0.78491384,0
0.088427566,0
1.0,1
0.404906,0
0.48613662,0
0.650991,0
0.4411135,0
0.45095688,0
7.367876e-05,0
0.17933907,0
0.5962339,0
0.49877194,0
0.009724012,0
0.5012932,0
0.9841233,0
0.33181047,0
0.99736565,1
0.2161876,0
0.31900892,0
0.8234201,0
0.07321464,0
1.0,1
0.14257556,0
0.009863377,0
0.7815206,0
0.30234057,0
0.39468613,0
0.35840777,0
0.9999995,1
0.061445966,0
0.97945535,0
0.10201721,0
0.100186124,0
0.70868975,0
0.56555045,0
0.017303355,0
0.021663133,0
0.04722692,0
0.6378014,0
0.28572613,0
0.25085354,0
0.99734795,1
0.38656175,0
0.31148183,0
0.05377962,0
0.029927837,0
0.0630198,0
0.43323767,0
0.068518616,0
0.74388444,0
0.28168252,0
0.32237923,0
0.053939655,0
0.80830675,0
0.23506106,0
0.99748945,1
0.93089885,0
0.0075927833,0
0.4989132,0
0.9293915,0
0.8917036,0
0.9912723,1
0.088286884,0
0.26438355,0
0.039252475,0
0.2645294,0
0.0013379233,0
0.072726645,0
0.030338205,0
0.9990062,1
0.56994903,0
0.047910295,0
0.33972326,0
0.05030797,0
0.07132745,0
1.0,1
0.79718995,0
0.0013446074,0
0.1376787,0
0.6836121,0
1.0,1
0.032048125,0
0.43449527,0
0.99567527,1
0.9999999,1
0.35091949,0
0.19359647,0
0.06734299,0
0.24217492,0
0.5765142,0
0.26517224,0
0.049727663,0
0.9960484,1
0.23536706,0
0.7712705,0
0.08066953,0
0.026747897,0
0.9152365,0
0.96330905,0
0.99609345,1
0.62973773,0
0.012583622,0
0.5608341,0
1.0,1
0.99968076,1
0.034758292,0
0.33179355,0
0.07660437,0
0.28439254,0
0.7665489,0
0.0014209733,0
0.3164855,0
0.037069023,0
0.0651038,0
0.9999999,1
1.0,1
0.7271034,0
0.23637922,0
0.2575422,0
0.15984993,0
0.7358964,0
0.042726535,0
0.46707025,0
0.44802114,0
0.9996057,1
0.23823237,0
1.0,1
0.8262705,0
0.29165977,0
0.012879434,0
0.98830366,0
0.08785271,0
0.16172299,0
0.057122923,0
0.16514997,0
0.29845765,0
0.059376705,0
0.5025823,0
0.93651414,0
0.77265614,0
0.48989803,0
0.9999931,1
0.9096671,0
0.619387,0
0.44914475,0
0.70534426,0
0.27523944,0
0.9205816,0
0.060228318,0
0.3236057,0
0.010317621,0
1.0,1
0.10602059,0
0.005636016,0
0.32814142,0
0.116202146,0
0.99740463,1
0.7086415,0
0.019409472,0
0.004933135,0
0.91414475,0
0.027482904,0
0.5458572,0
0.034287244,0
0.0011900449,0
0.3173343,0
0.5025064,0
0.007680834,0
5.907168e-07,0
0.83630174,0
0.58957577,0
0.53373384,0
0.66906816,0
0.0008632306,0
0.5406265,0
0.004474943,0
0.017255645,0
0.9174726,0
0.25918698,0
0.66565067,0
1.0,1
0.5207475,0
7.709448e-07,0
0.61384976,0
0.15088025,0
0.6148813,0
0.99998176,1
0.7678508,0
0.9999958,1
0.16173744,0
0.2036375,0
0.000810331,0
0.061467756,0
0.35654846,0
0.0013399464,0
0.1020981,0
0.3286196,0
0.40253806,0
0.448405,0
0.007349858,0
0.41121185,0
0.2945523,0
0.39607662,0
0.15403849,0
0.835368,0
0.054750353,0
0.1784736,0
0.21641967,0
0.87757844,0
0.3378025,0
0.40853453,0
0.91794485,0
0.96954244,0
0.036774844,0
0.98753136,0
0.9999298,1
0.021001557,0
0.47549525,0
0.9949286,1
0.99235266,1
0.11177614,0
0.52799904,0
0.023282131,0
0.0031172629,0
0.38112542,0
0.18254586,0
0.27232847,0
0.2041434,0
0.15744828,0
0.11536133,0
0.0017893722,0
0.5916426,0
0.08677287,0
0.8055096,0
0.877436,0
0.46297106,0
0.50851446,0
0.104233004,0
1.0,1
0.5241658,0
0.99682426,1
6.683707e-05,0
1.0,1
0.8944142,0
3.726013e-10,0
0.08342903,0
0.5312167,0
0.023749154,0
0.91740245,0
0.04289158,0
0.053475507,0
0.5771544,0
0.86837727,0
0.79025805,0
0.003865129,0
0.01901133,0
0.69223094,0
0.2857413,0
0.22615504,0
0.034019273,0
0.32218504,0
0.632985,0
0.022108953,0
0.3033988,0
0.003590401,0
0.10716475,0
0.93846035,0
0.11685984,0
0.5241253,0
0.2140715,0
1.0,1
0.05415889,0
0.991088,1
0.99778545,1
0.0051866244,0
0.11202472,0
0.7455913,0
0.643045,0
0.79903054,0
0.47236165,0
0.73675716,0
0.9936119,1
0.062274314,0
0.48589462,0
0.010249279,0
0.017507015,0
1.0,1
0.037323136,0
0.61285204,0
0.85260004,0
0.27769104,0
0.1318157,0
0.40461656,0
0.0067560137,0
0.4992955,0
0.0036684286,0
0.39294472,0
0.915983,0
0.6285429,0
0.73693126,0
0.027334115,0
0.26290694,0
0.029346196,0
0.08051288,0
0.93371564,0
0.36210206,0
0.16529305,0
0.4536252,0
0.010482798,0
0.58932495,0
0.15566225,0
0.23874618,0
0.99932075,1
0.23441148,0
0.9999999,1
0.69668776,0
0.0064060125,0
1.0,1
0.7855632,0
0.033342496,0
0.256215,0
0.0016221089,0
0.23153667,0
1.0,1
0.46918488,0
0.4398698,0
0.0067276647,0
0.30619335,0
2.2511542e-05,0
0.5414838,0
0.5161771,0
0.05814465,0
0.076789506,0
0.08871411,0
0.5496999,0
0.0014812506,0
0.9856609,0
0.9993636,1
0.25665298,0
0.11133057,0
0.48581114,0
0.9958819,1
0.99999774,1
0.41112992,0
0.09961145,0
0.24133834,0
0.53111607,0
0.44499284,0
1.3984994e-07,0
0.92645395,0
0.9998548,1
0.20607433,0
0.1867052,0
0.4369275,0
0.97542703,0
0.15540794,0
0.99999964,1
0.11044533,0
0.28049934,0
0.20610283,0
0.3910536,0
0.757479,0
0.24235655,0
0.13639131,0
0.026356699,0
0.043882344,0
1.0,1
0.0064644422,0
0.6033346,0
0.4663262,0
0.17719676,0
0.7502601,0
0.38789833,0
0.9508625,0
0.017620254,0
0.32455748,0
0.57168823,0
0.37628126,0
0.3908444,0
0.044135112,0
0.10500379,0
0.013404813,0
0.5490463,0
0.46840543,0
0.013496721,0
0.030786388,0
0.38847432,0
0.5738281,0
0.3168482,0
0.29342043,0
0.5193001,0
0.30196112,0
0.38224208,0
0.0060093435,0
0.8454125,0
0.6916262,0
0.75072384,0
0.5526369,0
0.32113025,0
0.6147052,0
0.27602488,0
0.09063445,0
0.21923758,0
0.95768785,0
0.09470809,0
0.21245968,0
0.23376736,0
0.0084741935,0
0.9421077,0
0.36540702,0
0.99994063,1
0.009993246,0
0.21391831,0
0.6191111,0
0.0010617387,0
0.26594675,0
0.99546534,1
0.0029302891,0
0.9963554,1
0.36110762,0
0.12825549,0
0.13951218,0
0.31462258,0
0.00093744596,0
0.019375278,0
0.03848554,0
0.443396,0
0.48589462,0
0.829059,0
0.4745123,0
0.9231214,0
0.56174225,0
1.0,1
0.22437079,0
0.3549749,0
0.017774113,0
0.3801337,0
0.22679034,0
0.003119399,0
0.13112688,0
0.057052128,0
0.36731544,0
0.4702589,0
0.14404365,0
0.45092097,0
0.009445181,0
0.31719196,0
0.5497295,0
0.24432342,0
0.00084504805,0
0.48699003,0
0.62969935,0
0.52125114,0
0.06475783,0
0.50498927,0
0.37607393,0
0.69467425,0
0.5020727,0
0.15741795,0
0.95638543,0
0.49498862,0
1.0,1
0.39853302,0
0.089706056,0
0.029132456,0
0.0054385886,0
0.1437278,0
0.75030226,0
0.20903131,0
0.9114886,0
0.33343238,0
0.10743036,0
0.032674223,0
0.25112024,0
0.030700225,0
1.0,1
0.40676266,0
0.31001696,0
0.16406628,0
0.26026,0
0.34316713,0
0.33694562,0
0.99774086,1
0.066565156,0
0.2945439,0
0.119821124,0
0.34824964,0
0.010475283,0
0.021741102,0
0.5570273,0
0.9479873,0
0.18557116,0
0.31466088,0
0.8607455,0
0.24901871,0
0.047584955,0
0.69309294,0
0.47317067,0
0.4668438,0
0.3416325,0
0.082554415,0
0.042873327,0
5.75677e-05,0
0.036218457,0
0.7756995,0
0.03266019,0
0.09636191,0
0.18000288,0
0.08453578,0
0.23595405,0
0.0010131231,0
0.24158989,0
0.9999995,1
0.3406887,0
0.35819238,0
0.53510547,0
0.16201954,0
0.0914924,0
1.0,1
0.17819117,0
0.2729708,0
0.8723955,0
0.18591698,0
0.39143902,0
0.0077993106,0
0.058608335,0
0.0687438,0
0.01799811,0
0.0032124738,0
0.13430744,0
0.20174468,0
0.4200658,0
0.53422946,0
0.58018327,0
0.5013086,0
0.0961433,0
0.87070715,0
0.61050516,0
0.27546313,0
0.9691667,0
0.069083855,0
0.5460217,0
0.05991196,0
0.27007082,0
0.7955848,0
0.19084078,0
0.53535557,0
0.42887443,0
0.45563418,0
0.5520998,0
0.99999857,1
0.006865251,0
0.15741959,0
0.08054171,0
0.011053119,0
0.0072341193,0
0.2556854,0
0.17205009,0
0.4095511,0
0.29300386,0
0.3488201,0
0.0032440063,0
0.9990306,1
0.33167514,0
0.18997443,0
0.4663735,0
0.069304146,0
0.99995005,1
0.3557881,0
0.98793423,0
0.32436666,0
0.0031896331,0
0.10023626,0
0.09397832,0
1.0,1
0.8713443,0
0.096296616,0
0.0030460723,0
0.040277645,0
0.031921797,0
5.7655445e-05,0
0.04184521,0
0.79407823,0
1.0,1
0.027649963,0
0.9339929,0
0.99543387,1
0.38496286,0
0.32567203,0
0.48460716,0
0.56475973,0
0.32417387,0
0.005327405,0
0.4280537,0
1.1059196e-05,0
0.813133,0
0.030935293,0
0.99999523,1
0.2795216,0
0.6344245,0
0.09607069,0
0.0033724299,0
0.12812138,0
0.23278025,0
0.9975369,1
0.59909785,0
0.096613154,0
0.9978187,1
0.46395546,0
1.0,1
0.9137703,0
0.61104333,0
0.25688553,0
0.24964176,0
0.31919175,0
0.90708894,0
0.5314542,0
0.05008917,0
0.05625041,0
0.7870779,0
1.0,1
1.0,1
0.5296863,0
0.00020753413,0
0.20807883,0
0.91819715,0
0.5071414,0
0.84013796,0
0.9878347,0
0.9999765,1
0.69289464,0
0.65850097,0
0.014496506,0
1.0,1
0.36693224,0
0.0010233228,0
0.7501409,0
0.12223854,0
0.39759678,0
1.0,1
0.00023196758,0
0.8050173,0
0.23364997,0
0.2927701,0
0.32634127,0
0.0241951,0
0.37367097,0
0.0017161922,0
0.37881657,0
0.0008123659,0
0.42833614,0
0.012325346,0
0.37567115,0
0.08939459,0
0.23282571,0
0.9939944,1
0.56562567,0
0.030041156,0
0.5835195,0
0.4189182,0
0.121237054,0
0.46071872,0
0.0012754422,0
0.2279455,0
0.48589462,0
0.9871247,0
0.4636516,0
1.0,1
0.0026642215,0
0.12982456,0
0.30588552,0
0.5143229,0
1.0,1
0.49004266,0
0.06476799,0
0.42678902,0
1.0,1
0.16239938,0
0.4783001,0
0.28428715,0
0.9999789,1
0.6649725,0
0.003418359,0
0.9584711,0
0.7518446,0
0.21738444,0
0.2657925,0
0.6106804,0
0.22411762,0
0.001695804,0
0.8550517,0
0.82962674,0
0.1989957,0
0.70505804,0
0.76014495,0
0.3033674,0
0.009660696,0
0.47349024,0
0.69676834,0
0.07157505,0
0.99999976,1
0.37875918,0
0.6102701,0
0.5351357,0
0.000530832,0
0.48589462,0
0.01700949,0
0.08863958,0
0.018774185,0
0.90470964,0
0.5016151,0
0.38011703,0
0.5200225,0
0.59342784,0
0.09798824,0
0.3717335,0
0.008444069,0
0.2963357,0
0.22962622,0
0.47866735,0
0.1429575,0
0.82223576,0
0.15613276,0
0.050208077,0
0.96305704,0
0.16071096,0
0.6083118,0
0.60989213,0
0.9153886,0
0.1907749,0
0.42413944,0
0.62738454,0
0.4917344,0
0.25592533,0
0.14166044,0
0.8565376,0
0.27361363,0
0.03885961,0
0.5933992,0
0.037462305,0
0.36537948,0
0.13395841,0
0.052912302,0
0.013978992,0
0.34100226,0
0.71188426,0
0.6666442,0
0.05000906,0
0.25399926,0
0.26669562,0
0.23676424,0
0.30886126,0
0.005071159,0
1.0,1
0.9667127,0
0.58630407,0
0.6050363,0
0.40769434,0
1.220221e-07,0
0.4084396,0
0.9571998,0
0.118969284,0
0.021290025,0
0.9999734,1
0.053039037,0
0.0017706831,0
0.74455184,0
0.098358974,0
0.64878815,0
0.92753625,0
0.89236146,0
0.0006179641,0
0.22999087,0
0.18521965,0
0.99619365,1
0.3622949,0
0.30662897,0
0.041605,0
0.8926868,0
0.9639409,0
0.09398807,0
0.99987113,1
0.69290274,0
0.33110633,0
0.63662475,0
0.001236849,0
0.0018493509,0
0.31965187,0
0.7424604,0
0.10876049,0
0.18353395,0
0.034906298,0
0.19908084,0
0.102951415,0
0.44890478,0
0.1808912,0
0.40971458,0
0.31809208,0
0.051900063,0
0.016356062,0
0.23237301,0
0.5718205,0
0.3807097,0
1.0,1
0.9410395,0
0.52811384,0
0.25912267,0
0.9246302,0
0.099108934,0
0.45171365,0
0.80587226,0
0.23924595,0
0.98273647,0
0.7615202,0
0.3658638,0
0.25186536,0
0.15418626,0
0.15320697,0
0.3764593,0
0.46566486,0
0.60544944,0
0.51259184,0
0.6471047,0
0.23734297,0
0.62144923,0
0.3970546,0
0.4375086,0
0.07182665,0
0.1806302,0
0.19754556,0
0.030289343,0
0.08939761,0
0.9999993,1
0.49416623,0
0.98586035,0
0.9852165,0
0.17304665,0
0.14571331,0
0.6346646,0
0.041544273,0
0.46575785,0
0.7798311,0
0.25141525,0
0.6203108,0
0.9453752,0
0.7668346,0
0.24540706,0
0.47761935,0
0.048076972,0
0.75895214,0
0.44956514,0
0.1495377,0
0.6154112,0
0.008265955,0
0.04362154,0
0.16142845,0
0.478166,0
0.20390876,0
0.13312748,0
0.9991842,1
0.0006769161,0
0.06269722,0
0.00015447117,0
0.009781802,0
0.06532932,0
0.78895915,0
0.3144229,0
0.019382888,0
0.041108973,0
1.0,1
0.045415767,0
0.9548176,0
0.5893159,0
0.18512177,0
1.0,1
0.002770453,0
0.7359497,0
0.1412105,0
0.045355853,0
0.0022823699,0
0.65993696,0
0.26988885,0
0.30279228,0
0.0023195194,0
0.05737362,0
0.41263172,0
0.5950171,0
0.001754571,0
0.61748,0
0.57549495,0
0.7901924,0
0.60335195,0
0.89473826,0
0.002344932,0
1.0,1
0.19598217,0
0.14239448,0
0.08689899,0
0.9829814,0
0.017046683,0
0.81323797,0
0.0004851551,0
0.011639289,0
0.042873453,0
0.35276833,0
0.9999975,1
0.32702008,0
0.024954531,0
0.68047076,0
0.6174574,0
0.69432634,0
0.9407815,0
0.092248455,0
0.12874989,0
0.047902226,0
0.07157791,0
0.13380915,0
0.06284033,0
0.21103281,0
0.6817787,0
0.99344516,1
0.7710629,0
0.08682295,0
0.08790302,0
0.00050969236,0
0.6934327,0
0.11261746,0
0.0009884372,0
0.102004625,0
0.028604157,0
0.37463707,0
0.35825694,0
0.41426805,0
0.4116863,0
0.8718534,0
0.32971954,0
0.52655065,0
0.22563763,0
0.35354292,0
0.44532573,0
0.0066661607,0
0.005124215,0
1.0,1
0.98406214,0
0.1941995,0
0.8748473,0
0.331954,0
0.37844938,0
0.368925,0
0.3115227,0
0.9995208,1
0.3028615,0
0.0058569172,0
0.01195204,0
0.5384472,0
0.66975677,0
0.6066899,0
0.22595358,0
0.712569,0
0.053666208,0
0.14227116,0
0.1788855,0
0.006018542,0
0.12125943,0
0.15395923,0
0.008058256,0
0.9999931,1
0.30968294,0
1.0,1
0.0037107244,0
0.8549581,0
0.27081722,0
0.9578456,0
0.22692339,0
0.981281,0
0.26713243,0
0.78241223,0
0.8259228,0
0.013413058,0
0.4790362,0
0.71071786,0
0.9121568,0
0.0961681,0
0.0980877,0
0.13281034,0
0.18258536,0
0.72436947,0
0.4235769,0
0.6211818,0
0.32522944,0
0.4589142,0
0.043796144,0
0.9999188,1
0.5315284,0
0.5271989,0
0.83111495,0
0.1797978,0
0.10937531,0
0.92386293,0
0.4680364,0
0.020692049,0
0.66821855,0
0.7987987,0
6.976032e-05,0
0.0215034,0
0.6806125,0
0.37938893,0
0.69640076,0
0.629065,0
0.32702932,0
0.34150442,0
0.044975597,0
0.00055414654,0
0.60737973,0
0.27843255,0
0.020176176,0
0.034124903,0
0.08102662,0
0.19642094,0
0.9882631,0
0.3339009,0
0.50784737,0
0.66640854,0
0.4286462,0
0.145729,0
0.03927645,0
0.036306053,0
0.12641418,0
0.461645,0
0.0048313853,0
0.50556284,0
0.99999976,1
0.022812765,0
0.33171582,0
0.45458215,0
0.11574356,0
0.008192194,0
0.46051437,0
0.9995179,1
0.9565924,0
0.14370716,0
1.0,1
1.0,1
0.052117538,0
0.41611415,0
0.6720656,0
0.003559702,0
0.34681913,0
0.45931724,0
0.51818746,0
0.8325059,0
0.028370146,0
0.23365945,0
0.01508036,0
0.35108984,0
0.44088,0
0.95135736,0
0.2080413,0
0.99996686,1
0.3214005,0
0.51009667,0
0.9774786,0
0.63521504,0
0.45466125,0
0.1366984,0
0.9999963,1
0.046148267,0
0.8704824,0
0.10581981,0
0.00058329187,0
0.0003234815,0
0.75755316,0
1.0,1
0.5351463,0
0.33869687,0
0.51947707,0
0.92690223,0
0.022723004,0
0.07849366,0
0.82044107,0
0.58883864,0
0.20272665,0
0.89347774,0
0.067803346,0
0.28241614,0
0.15295169,0
0.36860123,0
0.20505993,0
0.18241788,0
0.12930107,0
0.009669751,0
0.9441185,0
0.25242037,0
0.31301838,0
0.7457031,0
0.89434385,0
0.8815806,0
0.010730029,0
1.0,1
0.2658977,0
0.99885416,1
0.0073069553,0
0.6010566,0
0.46285695,0
0.25236335,0
0.6810651,0
0.13838075,0
0.080520876,0
0.2122678,0
0.3358215,0
0.41540796,0
0.99717027,1
0.06746448,0
0.10061786,0
0.18270998,0
0.9068051,0
0.73397475,0
0.55181223,0
0.053626012,0
0.12955599,0
0.20546143,0
0.6217783,0
0.08952481,0
0.53266513,0
0.07972941,0
0.77896494,0
0.9997081,1
0.25175005,0
0.012450779,0
0.48255712,0
0.8078106,0
0.042301472,0
0.2805154,0
0.9996413,1
0.9994172,1
0.006757671,0
0.002725422,0
0.99730885,1
0.14543436,0
0.9978173,1
0.7149469,0
0.9496155,0
0.9533469,0
0.00031174973,0
0.11888808,0
0.0007085898,0
0.08900439,0
0.99756503,1
0.24897277,0
0.2498626,0
0.18090317,0
0.1650167,0
0.3181784,0
0.5257156,0
0.4030337,0
0.52170986,0
0.5114991,0
0.5601485,0
0.8827912,0
1.0,1
0.005340958,0
0.52690357,0
0.00082796987,0
0.99998236,1
0.14435773,0
0.6295782,0
0.13095117,0
0.7679923,0
0.15332702,0
0.14396177,0
0.9037452,0
0.17950147,0
0.050862886,0
0.16181438,0
0.18203476,0
0.012597801,0
0.17088063,0
0.20141563,0
0.037080754,0
0.045174778,0
0.0339817,0
0.9301951,0
0.018179188,0
0.4197054,0
0.14826304,0
0.60255945,0
0.24819154,0
0.9999989,1
0.7888121,0
1.0,1
0.28467155,0
0.23702484,0
0.030581202,0
0.03865673,0
0.46277976,0
0.9281292,0
0.42769644,0
0.99671173,1
0.7554102,0
0.45376223,0
0.38577932,0
0.00011515124,0
0.98544335,0
0.85546553,0
0.63012487,0
0.16983786,0
0.50574535,0
0.0022536672,0
0.5588972,0
0.03115273,0
0.6284207,0
0.9999993,1
0.3487946,0
0.8874762,0
0.08702493,0
0.9999994,1
0.3117822,0
0.8763653,0
0.0031988155,0
0.999843,1
0.0052555045,0
0.99945384,1
0.9999999,1
0.7103996,0
0.995484,1
0.54208994,0
0.9433619,0
0.0049436465,0
0.18717706,0
0.033311695,0
0.0015038993,0
0.09780622,0
1.0,1
0.7972986,0
0.2609305,0
0.46030104,0
0.00097254716,0
0.99994814,1
0.40869242,0
0.6129665,0
0.62531835,0
1.0,1
0.29975495,0
0.32982934,0
0.009088889,0
0.05074224,0
0.05482475,0
0.489553,0
0.15072073,0
0.47544375,0
0.036411524,0
0.031878438,0
0.9999995,1
0.99998057,1
0.20100573,0
0.09535536,0
1.0,1
0.1584334,0
0.9843997,0
0.5256845,0
0.06692777,0
0.28705025,0
0.048698414,0
0.24885602,0
0.06864722,0
0.29704496,0
0.5548631,0
0.49166054,0
0.119803354,0
0.17674889,0
0.42727178,0
0.5254065,0
0.116594605,0
0.00010259713,0
0.50129324,0
0.0012465282,0
0.01876407,0
0.029555686,0
0.010250276,0
0.64422774,0
0.25099984,0
0.6747061,0
0.5322385,0
0.6281042,0
0.7515269,0
0.022611447,0
0.088862516,0
0.5155389,0
0.35526824,0
0.8430148,0
4.6915716e-06,0
0.99999976,1
0.1340149,0
0.71853507,0
0.3366769,0
0.25063398,0
0.017017098,0
0.35753384,0
0.025578,0
0.4063367,0
0.21838996,0
0.5169718,0
0.06959029,0
0.08761214,0
0.36390114,0
0.33134958,0
0.0690386,0
0.9975171,1
0.97751975,0
0.906688,0
0.034956317,0
0.08683773,0
0.08453252,0
0.082626894,0
3.7941256e-06,0
0.2450023,0
0.9145124,0
4.299461e-09,0
0.00016967733,0
0.054634754,0
0.41675085,0
0.28442883,0
0.25953266,0
0.4699239,0
0.052077733,0
0.0011489897,0
4.9817707e-05,0
0.1987653,0
0.16692427,0
0.45107183,0
0.00245029,0
0.1397122,0
0.40895423,0
5.0622616e-06,0
0.00022867037,0
0.5738371,0
0.010728581,0
0.5278099,0
0.5035209,0
0.24183182,0
0.3184164,0
0.18423826,0
0.5069272,0
0.96795315,0
0.9932376,1
0.038426813,0
0.034385957,0
0.27006698,0
0.23239703,0
0.20762907,0
0.006394965,0
0.79599035,0
0.7656386,0
0.80883116,0
0.0017262478,0
0.9698934,0
0.628083,0
0.89970535,0
0.16075931,0
0.0032437395,0
0.9213699,0
0.11680985,0
0.9991897,1
0.3073894,0
0.7685027,0
0.85865647,0
0.9831892,0
0.57855415,0
0.5124743,0
0.030272624,0
0.34673166,0
0.9368045,0
0.008309249,0
0.9023464,0
0.2508808,0
0.32493883,0
0.5734515,0
0.38962382,0
0.5176371,0
0.98920107,0
0.56714416,0
0.5108517,0
0.11915722,0
0.4508753,0
0.8128386,0
0.008351319,0
1.0,1
0.99138826,1
0.80092275,0
0.21698584,0
0.35237023,0
0.0009042149,0
0.9999976,1
0.4065409,0
0.7295949,0
0.36181647,0
0.70124805,0
0.0051510097,0
0.11146666,0
0.027584095,0
0.8183705,0
0.99999046,1
0.2716192,0
0.43464902,0
0.8631237,0
0.07783649,0
0.013341106,0
0.5198543,0
3.44568e-08,0
0.0267643,0
0.2441806,0
0.29664117,0
0.11846779,0
0.44688773,0
0.51076186,0
0.71326566,0
0.08671405,0
0.16772294,0
0.35207665,0
0.4888211,0
0.06033794,0
0.3405377,0
1.0,1
1.0,1
0.35703376,0
0.54054695,0
0.0010638848,0
0.8850637,0
0.99660987,1
0.117897555,0
0.93301684,0
0.99024194,1
0.8846266,0
0.47889137,0
0.14269595,0
0.99778384,1
0.92523736,0
0.65747637,0
0.0068059843,0
0.7673806,0
1.0,1
0.30560693,0
0.00542132,0
0.40315396,0
0.109129235,0
0.9622987,0
0.40080902,0
0.9885898,0
0.023604875,0
0.971404,0
0.21801943,0
0.012551383,0
0.27291036,0
0.6430547,0
0.21420345,0
0.44732085,0
1.0,1
0.99997425,1
0.50048614,0
0.31763244,0
5.259484e-10,0
0.06638753,0
6.596955e-05,0
0.0008535071,0
0.37587202,0
0.29190677,0
0.032361977,0
0.22272213,0
0.8032409,0
0.2466355,0
0.08225983,0
1.0,1
0.99774504,1
0.15488927,0
0.5109981,0
0.99804246,1
0.29120064,0
0.13025029,0
0.76344216,0
0.69112694,0
0.8306397,0
0.78419864,0
0.35041878,0
1.0,1
1.0,1
0.997157,1
0.11535152,0
0.10006441,0
1.0,1
0.43019244,0
0.7907653,0
1.0,1
0.031137316,0
0.58665776,0
0.707179,0
0.8277808,0
0.7739855,0
0.9625246,0
0.5355545,0
0.24665575,0
0.14282103,0
0.15026703,0
0.52159894,0
0.71087533,0
0.51133114,0
0.3292531,0
0.31287634,0
0.06404631,0
0.43883398,0
0.29712826,0
1.0,1
0.9999989,1
0.8989286,0
0.23815517,0
0.08373192,0
1.0,1
0.009672198,0
0.22977169,0
0.8288457,0
0.3228764,0
0.50111026,0
1.0,1
0.5924842,0
0.38927093,0
0.6813718,0
0.7726916,0
0.9999987,1
0.0041211178,0
0.72394407,0
0.05597214,0
0.4059,0
0.20932728,0
0.61741114,0
0.41094908,0
0.91255975,0
0.15238005,0
0.486086,0
0.5438737,0
0.05678271,0
0.99293387,1
0.12946394,0
0.9999993,1
0.79333097,0
0.87898874,0
0.26874202,0
0.90173423,0
0.9187559,0
0.000120754376,0
0.18712549,0
0.24635522,0
0.4027267,0
0.025651213,0
0.5896435,0
0.26562798,0
0.05541177,0
0.02940474,0
0.99961615,1
0.5253239,0
0.20515935,0
0.01265244,0
0.72930074,0
0.0001561142,0
0.9516991,0
0.6861461,0
0.9914699,1
0.7708128,0
0.55247426,0
0.44065183,0
0.42852682,0
0.25726533,0
0.3485324,0
0.55670273,0
0.31382003,0
0.35042453,0
0.9829895,0
0.55619764,0
3.3436371e-09,0
0.023467585,0
0.2749207,0
0.9767939,0
0.30817425,0
0.063709445,0
7.1318835e-05,0
1.0,1
0.34299543,0
0.07775632,0
0.6660887,0
0.030046273,0
0.5464088,0
0.5266509,0
0.54399097,0
0.8153988,0
0.42203575,0
0.95303,0
0.05714095,0
0.3823342,0
0.06762808,0
0.7264628,0
0.13834214,0
0.99450535,1
0.29658988,0
0.8883429,0
0.9997632,1
0.030158037,0
0.68023056,0
0.72637236,0
0.52905923,0
3.4127734e-05,0
0.41027835,0
0.2375466,0
0.504777,0
0.026333202,0
0.51480794,0
0.999843,1
0.5013642,0
0.99075425,1
0.8503546,0
0.3215987,0
0.05513583,0
0.4289382,0
0.2749779,0
0.37286893,0
0.02265794,0
0.5148656,0
0.36779562,0
0.43404827,0
0.99950457,1
0.9578105,0
0.005596359,0
0.5403031,0
0.3072681,0
0.7131404,0
0.5250406,0
0.9972898,1
6.553997e-05,0
0.9722045,0
0.0010479805,0
1.0,1
0.28226212,0
0.1873619,0
0.63741547,0
1.0,1
0.30499667,0
0.75284404,0
0.57148147,0
0.0025195782,0
0.020141281,0
0.47758982,0
0.45401233,0
0.07896855,0
0.9656741,0
0.06296685,0
0.9998042,1
0.9496524,0
0.34145448,0
0.50911415,0
0.14584428,0
0.99999976,1
0.25145477,0
0.023977853,0
0.17961976,0
0.027730716,0
0.42119843,0
0.9753015,0
0.09608652,0
0.6409996,0
0.37052923,0
0.9936951,1
0.015577124,0
0.77120984,0
0.406232,0
0.4732264,0
0.07729615,0
0.62580496,0
0.4964718,0
0.30671838,0
0.58232105,0
0.25291038,0
0.8525588,0
0.35412598,0
0.0026834882,0
0.44171882,0
1.0,1
0.23513098,0
0.96888125,0
0.040352557,0
0.012529011,0
0.05937532,0
0.26650453,0
0.0018549653,0
0.9179523,0
0.30023775,0
0.011194498,0
0.0060131983,0
0.33897528,0
0.13016668,0
0.68852204,0
0.54530233,0
0.8670489,0
0.37030852,0
0.3454159,0
0.07959019,0
0.00802117,0
0.2346207,0
0.0135480575,0
0.61918217,0
0.0067687538,0
0.15219064,0
0.15499754,0
0.57873243,0
0.93470246,0
0.091157116,0
0.002959637,0
0.016917577,0
0.00028630628,0
0.27173063,0
0.70748425,0
0.031207923,0
0.99080056,1
0.9961125,1
0.9973053,1
0.9475258,0
0.39690313,0
0.13625981,0
0.29707855,0
0.9958794,1
0.74708617,0
0.09727657,0
0.79083073,0
0.29230404,0
0.6251823,0
0.833262,0
0.6632095,0
0.103981875,0
0.07051845,0
0.03907874,0
0.05438856,0
0.3213548,0
0.48403338,0
0.7590219,0
0.9494331,0
0.063387364,0
0.07960304,0
0.03986613,0
0.64717716,0
0.052388847,0
0.35755208,0
0.823294,0
0.5035079,0
0.51960105,0
0.40556598,0
0.7956877,0
0.051756468,0
1.0,1
0.0057274057,0
0.4341372,0
0.8364872,0
0.48636028,0
0.24568501,0
0.5586025,0
0.6920024,0
0.031093307,0
0.00028896163,0
0.13748617,0
0.14757182,0
0.8542134,0
0.35641763,0
0.83263505,0
0.0014839727,0
0.5451384,0
0.11922611,0
0.6892051,0
0.97718847,0
0.59965575,0
0.98375905,0
0.56230783,0
0.34726685,0
0.43591505,0
0.38689002,0
0.57271713,0
0.875323,0
0.2378166,0
0.016086971,0
0.010640407,0
0.97545004,0
0.027546803,0
0.009180599,0
0.22980785,0
0.5681178,0
0.43102133,0
0.020160446,0
0.048847057,0
0.57758445,0
4.7341437e-06,0
0.56124336,0
0.09870011,0
0.9844994,0
0.2233374,0
0.24118973,0
0.51843685,0
0.06808972,0
0.99971825,1
0.03258424,0
0.9973827,1
0.9420233,0
0.13068475,0
0.2597354,0
0.02740948,0
0.28029856,0
0.14671034,0
0.99999547,1
0.83309007,0
3.1494392e-07,0
1.0,1
0.99763405,1
0.052675366,0
0.00012835764,0
0.62517506,0
0.54990053,0
0.18875402,0
0.30960363,0
0.08779592,0
0.36577412,0
0.5030619,0
0.5493447,0
0.2556757,0
0.35320705,0
0.53238755,0
0.089562,0
0.8919023,0
0.12723486,0
0.9997998,1
0.847087,0
0.18142466,0
0.028994985,0
0.999985,1
0.0006691677,0
0.620931,0
1.0,1
0.35020852,0
0.024955042,0
0.21005452,0
0.00023063071,0
1.589315e-05,0
0.16329762,0
0.029652296,0
0.38468796,0
0.88822836,0
0.43062726,0
0.40926075,0
0.0023290694,0
1.0,1
0.039070692,0
0.7148279,0
0.034673955,0
0.6018556,0
0.88269943,0
0.86592585,0
0.6898805,0
0.22674614,0
0.045696232,0
1.0,1
0.45012888,0
0.13942705,0
0.50262886,0
0.09666353,0
0.55114055,0
0.0728102,0
0.10287869,0
0.40651476,0
0.2711483,0
0.18145965,0
0.0050165113,0
0.883062,0
0.26149222,0
0.2820249,0
0.9004121,0
0.5986315,0
0.3018418,0
0.48589462,0
0.2328097,0
0.028916745,0
9.335703e-05,0
0.9176521,0
0.00049590244,0
0.12365318,0
0.4969219,0
0.3251904,0
0.16375718,0
0.16298927,0
0.50974977,0
0.06377074,0
2.7562075e-10,0
1.0,1
0.96272486,0
0.9685325,0
0.13967519,0
0.23492222,0
0.8952038,0
0.48151773,0
0.00015420654,0
0.07387934,0
1.0,1
0.4145192,0
0.56448466,0
0.037353847,0
0.90019524,0
0.3904009,0
0.29045194,0
0.39040473,0
0.4040493,0
0.07534243,0
0.47995812,0
0.04344952,0
0.38911375,0
0.8614149,0
0.49701285,0
0.2184712,0
0.42844027,0
0.6321071,0
4.4657092e-05,0
1.0,1
0.6474776,0
0.009026863,0
0.1263326,0
0.6255209,0
0.43151572,0
0.015177128,0
0.1123661,0
0.027091369,0
0.84540063,0
0.012761206,0
0.2207021,0
0.396107,0
0.26299506,0
0.9960467,1
0.0006605696,0
1.0,1
0.03230568,0
0.6677934,0
0.25564602,0
0.0067445356,0
0.54758364,0
0.33362058,0
0.0630292,0
0.21746126,0
0.9917658,1
0.5353484,0
0.25296235,0
0.3104574,0
0.17121623,0
0.36267483,0
0.1582566,0
0.44251958,0
0.5140607,0
0.9920656,1
1.0,1
0.13771917,0
0.33784682,0
1.0,1
0.23427641,0
0.027574476,0
0.8531182,0
0.4768298,0
0.08182545,0
0.01086217,0
0.022643786,0
0.42500192,0
0.45254332,0
0.9977724,1
8.3223305e-05,0
0.7995052,0
0.0970258,0
0.47779566,0
0.2173034,0
0.05377336,0
0.10940428,0
0.013897451,0
0.0029008477,0
0.67143273,0
0.4785547,0
0.060250025,0
0.6276423,0
0.48225713,0
0.90472966,0
0.7096076,0
0.5837028,0
0.2098339,0
1.0,1
0.9996451,1
0.0018957846,0
0.17869726,0
0.258314,0
0.2676547,0
0.9843886,0
0.46131137,0
0.17213269,0
0.5549134,0
0.94962186,0
0.54749244,0
0.00088663836,0
0.0058045574,0
0.49029085,0
0.22000465,0
0.00078676536,0
0.0011355354,0
0.68232816,0
0.24994887,0
0.111320585,0
2.311733e-05,0
0.15065455,0
0.77586037,0
0.54772705,0
0.58798355,0
0.74256206,0
0.023655389,0
0.004378485,0
1.0,1
0.99780065,1
0.71572894,0
0.19040774,0
0.38738668,0
0.045553613,0
0.5432127,0
0.6431671,0
0.15265101,0
0.23379381,0
0.21839243,0
0.036786158,0
0.061107695,0
0.6097713,0
0.97887176,0
0.010960429,0
0.3515815,0
0.19943477,0
0.49112272,0
0.25551918,0
0.084001616,0
0.45174012,0
0.16521268,0
0.058196906,0
0.78395486,0
0.35426265,0
0.011809819,0
0.322537,0
0.5307468,0
0.2693496,0
0.6979429,0
0.49955955,0
0.22050276,0
0.999918,1
0.36261287,0
0.15717787,0
0.11435065,0
0.46804136,0
0.8684478,0
0.39696366,0
0.51022816,0
0.32462305,0
0.005436325,0
0.44101733,0
0.9985342,1
0.8724975,0
0.00012896875,0
0.9456315,0
0.15570192,0
0.17768091,0
0.999987,1
0.20468809,0
0.39359954,0
0.51967114,0
0.049653742,0
0.43796775,0
0.33411795,0
0.6902823,0
0.7647528,0
0.32955673,0
0.20550203,0
0.7853059,0
0.990225,1
0.39310914,0
0.012623493,0
0.86256456,0
3.690637e-05,0
0.2926596,0
0.75918823,0
0.35004562,0
0.012512981,0
0.68323904,0
0.9996061,1
1.0,1
0.5437361,0
0.5056874,0
0.096353315,0
0.404429,0
0.4726954,0
0.03634718,0
0.31625625,0
0.040182635,0
0.7415227,0
0.043308526,0
0.8955483,0
1.0,1
0.0053352127,0
0.5082149,0
0.9999875,1
0.7981303,0
0.7359656,0
0.007140043,0
0.22412089,0
0.2674095,0
0.04114425,0
0.25275573,0
0.19310902,0
0.032782394,0
0.2548712,0
0.99999464,1
0.07644565,0
0.7036918,0
0.9998084,1
0.2508206,0
0.4459038,0
0.919048,0
0.06729122,0
0.73498213,0
0.42440596,0
0.99994016,1
0.6816028,0
0.0008945192,0
0.7180053,0
0.13981822,0
1.0,1
0.1948844,0
0.5905068,0
0.11140962,0
0.6805263,0
0.97624844,0
0.3336913,0
0.2547757,0
0.020510549,0
0.4388989,0
0.41112912,0
0.025767598,0
0.9987563,1
0.68555194,0
0.99793005,1
0.72738844,0
0.85839117,0
0.5758857,0
0.15030137,0
0.9963619,1
0.20544781,0
0.067235865,0
0.9370912,0
0.20989265,0
0.5160351,0
0.33306947,0
0.18570425,0
0.16390912,0
0.04954133,0
0.43547568,0
0.09402622,0
0.24911876,0
0.0018963146,0
0.12780945,0
0.43961102,0
0.14746374,0
0.0006740864,0
0.4514614,0
0.22427188,0
0.36623004,0
0.035730693,0
1.0,1
0.30682203,0
0.9982462,1
0.36104223,0
0.3432743,0
0.99968517,1
0.037751775,0
0.06526492,0
0.0012633884,0
0.41756207,0
0.9583873,0
0.5714967,0
0.10762872,0
0.8127222,0
0.99100506,1
0.9786435,0
0.2055084,0
0.010480137,0
0.1984943,0
0.5124973,0
0.025198933,0
0.017401801,0
0.67308795,0
0.38777894,0
0.105987854,0
0.10021576,0
0.33841395,0
0.18170138,0
0.118866384,0
0.13249989,0
0.99992025,1
0.9324458,0
0.12378809,0
0.5014344,0
0.09233254,0
0.10380184,0
0.1645474,0
0.12518345,0
0.081142634,0
0.05838987,0
0.7231539,0
0.21280776,0
0.2261828,0
1.0,1
0.0344319,0
0.23539855,0
0.19446594,0
0.58264184,0
0.67805135,0
0.0009963342,0
0.1932243,0
0.19089904,0
0.18331137,0
0.8391836,0
0.99915504,1
0.67161477,0
0.9356552,0
0.2027629,0
0.18489179,0
0.6496962,0
0.99999774,1
0.3078508,0
0.9948354,1
0.7712108,0
0.2542608,0
0.042210985,0
0.5703727,0
0.70558864,0
0.03556495,0
0.3742454,0
0.9045282,0
1.0,1
0.28865027,0
0.20701376,0
0.48749408,0
0.32119915,0
0.54676807,0
0.0042721876,0
0.8527096,0
0.49655145,0
0.00022974666,0
0.6054022,0
0.7193058,0
0.34709918,0
0.00032635054,0
0.002563436,0
0.0019206639,0
0.35045937,0
0.72419304,0
1.0,1
0.061905753,0
0.5981543,0
0.52188104,0
0.9204192,0
0.60023683,0
0.39789927,0
0.015502899,0
0.76291406,0
0.485003,0
0.70479065,0
0.002115966,0
0.7507064,0
0.074995115,0
1.420666e-07,0
0.9999889,1
0.59235406,0
0.24572548,0
0.42951846,0
0.6081537,0
0.28579986,0
0.89440715,0
0.2638396,0
0.013352666,0
0.32507128,0
0.373219,0
0.48090583,0
0.06045822,0
0.90286994,0
0.90665483,0
0.98483723,0
0.02252276,0
0.02898601,0
0.3200294,0
0.11417364,0
0.011049201,0
0.20896548,0
0.0026095978,0
0.72258604,0
0.0014528171,0
0.43291178,0
0.19895677,0
0.015473241,0
0.14798282,0
0.579721,0
0.6699933,0
0.05030499,0
0.32878053,0
0.619436,0
0.98976785,0
0.059324,0
0.7632479,0
0.0200519,0
0.14056537,0
0.99972564,1
0.14067383,0
0.22771241,0
0.52730256,0
0.98367864,0
0.022454882,0
0.3234352,0
0.0724196,0
0.11908447,0
0.9612905,0
0.7616542,0
0.61057746,0
0.90741915,0
0.6084383,0
0.99597484,1
0.98725593,0
0.7908481,0
0.18919823,0
0.02036435,0
0.04058107,0
0.101253524,0
0.15238275,0
0.99221295,1
0.9905359,1
0.53179127,0
0.5908602,0
0.65315175,0
0.095720984,0
0.1103192,0
0.3766073,0
0.0044921995,0
0.9086819,0
0.44972456,0
0.5135803,0
1.0,1
0.65869576,0
0.06374139,0
0.095705695,0
0.80385715,0
0.540208,0
0.63392687,0
0.17343427,0
0.9470611,0
2.5743351e-05,0
0.1557009,0
0.4736996,0
0.0049239728,0
0.67346734,0
0.5308128,0
0.16993219,0
0.0042493423,0
0.081383474,0
0.14955029,0
0.6786177,0
0.63834745,0
0.63800114,0
0.07692147,0
0.01041761,0
0.064686604,0
0.15554482,0
0.010304497,0
0.32121238,0
0.08671326,0
0.13255629,0
0.22970155,0
0.11858945,0
0.00019367947,0
0.29235584,0
0.00013664814,0
0.100200176,0
0.024117373,0
0.8138928,0
0.08446503,0
0.0046619684,0
0.027222015,0
0.7450452,0
0.9999999,1
0.688725,0
0.25719067,0
1.0,1
0.590299,0
0.9194592,0
0.22823797,0
0.572573,0
0.053061303,0
0.0055228183,0
0.28455696,0
0.7581045,0
0.09167662,0
0.33696488,0
0.036091823,0
0.638032,0
0.7000624,0
0.31599158,0
0.0031654374,0
0.90931165,0
0.006856046,0
0.18864577,0
0.9998845,1
0.29114723,0
0.13028003,0
0.33673927,0
0.8995594,0
0.14674006,0
0.3876493,0
0.5302,0
0.27425689,0
0.300346,0
0.073906474,0
0.42857218,0
1.0,1
0.12172953,0
0.13290218,0
0.08603485,0
0.39206117,0
0.7415306,0
0.15193747,0
0.107198074,0
0.9998357,1
0.00026108127,0
0.22169544,0
0.084565535,0
0.13044173,0
7.751984e-05,0
0.28466028,0
0.41757378,0
0.58745116,0
0.14718376,0
0.99977237,1
0.15511961,0
0.317832,0
0.90910083,0
0.5196523,0
0.14255941,0
0.5144424,0
0.54320985,0
0.5861513,0
1.0,1
0.28611058,0
0.8022203,0
0.54863364,0
0.87549347,0
0.7594391,0
1.0,1
0.9887833,0
0.37771025,0
0.23586872,0
0.00065979414,0
0.07852778,0
0.00021538415,0
0.58375293,0
0.036481112,0
0.39469874,0
1.0,1
0.69078225,0
0.98067117,0
0.48222807,0
0.019698894,0
0.51274616,0
0.44967976,0
0.5086754,0
0.92258096,0
0.30211014,0
0.9999882,1
0.44843447,0
0.7069578,0
0.16211645,0
0.19267352,0
0.13842164,0
0.75049543,0
0.37875548,0
0.0064265956,0
0.564297,0
0.78170234,0
0.9015061,0
0.9559454,0
0.8861504,0
1.0,1
0.03336088,0
1.0,1
0.0687383,0
0.973868,0
0.45012486,0
0.29298425,0
0.48979887,0
0.37960374,0
0.25424597,0
0.029970104,0
0.9999999,1
0.0116191525,0
0.028340278,0
0.020646779,0
0.8795275,0
0.21241792,0
0.018203093,0
0.13133876,0
0.5007752,0
1.0,1
0.652155,0
0.5155041,0
0.07886462,0
0.7193933,0
0.8370259,0
0.23824646,0
0.050546817,0
0.0028918746,0
0.23475769,0
0.48758867,0
0.99026173,1
0.34885222,0
0.8115728,0
0.8843165,0
0.15464057,0
0.02115894,0
0.6019778,0
0.0010477654,0
0.49226657,0
0.117101155,0
1.0,1
0.0036474282,0
0.18722774,0
0.29472944,0
0.20977195,0
0.11385197,0
0.23398136,0
0.009342905,0
0.8319112,0
0.56859523,0
0.44519088,0
0.8913942,0
5.280837e-06,0
0.9255429,0
0.48797542,0
2.8185447e-11,0
0.95598865,0
0.49158517,0
0.20270501,0
0.46561474,0
0.013955304,0
0.666004,0
0.4857998,0
0.38954556,0
0.5256212,0
0.47132125,0
0.12907952,0
0.087861665,0
0.8042622,0
0.15715729,0
0.112227336,0
0.026078803,0
0.29555357,0
0.5015197,0
0.9685932,0
0.22885561,0
0.28687954,0
0.0958184,0
0.24924092,0
0.03494903,0
0.22974692,0
0.74068654,0
0.21143256,0
0.018678322,0
0.031103607,0
0.2026487,0
0.573323,0
0.09324706,0
0.99999917,1
0.5120303,0
0.101709165,0
0.14409873,0
0.36009544,0
0.13732655,0
0.8579016,0
0.062798776,0
0.06701352,0
0.5116344,0
0.41376394,0
1.0,1
0.36208126,0
0.43922752,0
0.99536926,1
0.56323344,0
0.17521347,0
0.00025682076,0
0.28001565,0
0.053017735,0
0.3597512,0
0.0054425853,0
0.5251918,0
0.06239698,0
0.27285972,0
0.9817624,0
0.19921567,0
0.20295942,0
0.010891946,0
0.2052297,0
0.003740401,0
0.0077443602,0
0.24232891,0
0.02732931,0
0.6368486,0
0.0994442,0
0.06134684,0
0.73926026,0
0.19890593,0
0.11992469,0
0.59541005,0
0.2160476,0
0.61455,0
0.37768394,0
0.15693924,0
0.86203045,0
0.1405043,0
0.8197562,0
0.13384545,0
0.9353781,0
0.8514584,0
0.24196419,0
0.99977046,1
0.39916527,0
0.05625438,0
0.2144707,0
0.26958156,0
0.28723764,0
0.09686525,0
0.3420467,0
0.1377482,0
0.109966226,0
0.007595008,0
0.648267,0
0.8589845,0
0.98132676,0
0.00034655412,0
0.7505384,0
0.7383162,0
1.0,1
0.5023591,0
0.22249229,0
0.5281535,0
0.09857846,0
0.99997866,1
0.09641424,0
0.9999888,1
0.47511008,0
0.23286103,0
0.09438461,0
0.9570098,0
0.60077965,0
0.063288875,0
0.93184245,0
0.27309054,0
0.20901719,0
0.7833169,0
0.03519052,0
0.068153985,0
0.07138504,0
0.67962706,0
0.48589462,0
0.021286977,0
0.47545993,0
0.5001292,0
0.42291385,0
0.71019334,0
0.1387587,0
0.81955385,0
0.99624014,1
0.9909277,1
0.0075680064,0
0.39111188,0
0.48075593,0
0.53330696,0
0.28820047,0
0.19642846,0
0.5324397,0
0.2277369,0
0.40680355,0
0.80688965,0
0.006686539,0
0.000650721,0
0.027072918,0
0.74447227,0
0.46647725,0
0.042655222,0
0.6100578,0
0.47999248,0
0.0652365,0
0.061536483,0
0.36837178,0
0.3954619,0
0.9999999,1
0.15080266,0
0.03654591,0
0.14045975,0
0.06553555,0
0.14169781,0
0.89860576,0
0.13153097,0
0.19544245,0
0.00073648855,0
0.3067146,0
1.0,1
0.10954165,0
0.6550701,0
0.14103775,0
0.6979119,0
0.9181616,0
0.33069813,0
0.031127173,0
0.17801191,0
1.0,1
0.31250152,0
0.0069656954,0
0.54761225,0
0.00089741807,0
0.15473412,0
0.6259657,0
0.16964331,0
0.035060443,0
1.0,1
0.058580574,0
0.04695257,0
0.5759997,0
0.18759519,0
0.14752728,0
0.32973668,0
0.4054144,0
0.62253594,0
0.82656574,0
0.021128364,0
1.0,1
0.0034868158,0
0.71441144,0
0.17816898,0
0.5010997,0
0.029575508,0
0.101096526,0
0.06859523,0
0.88245606,0
0.4148224,0
0.15987083,0
0.22489469,0
0.22290796,0
0.7458409,0
0.65452176,0
0.36350393,0
0.014306188,0
0.46947902,0
0.9987476,1
0.8692704,0
0.999881,1
0.99999917,1
0.018798105,0
0.8809073,0
0.9637734,0
0.93183804,0
0.8870779,0
0.005731643,0
0.37329853,0
0.9999536,1
0.04726341,0
0.18509328,0
0.99852836,1
0.25801912,0
0.14595774,0
0.40520245,0
0.39595017,0
0.4288386,0
0.82912505,0
0.008577405,0
1.0,1
0.108526975,0
0.787436,0
0.9286764,0
0.014854226,0
0.5027907,0
0.7857716,0
0.7096841,0
0.28328112,0
1.0,1
0.42256895,0
0.0020813737,0
0.47123274,0
0.0074242465,0
0.9987307,1
0.4945978,0
0.00021842652,0
0.01598203,0
0.9578827,0
0.48751244,0
0.12423423,0
0.07135043,0
0.686466,0
0.28652626,0
0.5971228,0
0.200912,0
0.082917094,0
0.40312573,0
1.0,1
0.0153845,0
0.8482382,0
0.4316808,0
0.45126405,0
0.060370065,0
0.66987854,0
0.16787308,0
0.078360714,0
0.2731973,0
0.5847085,0
0.94799984,0
0.13543311,0
0.012016904,0
0.00088645075,0
0.99996984,1
0.7501272,0
0.49181166,0
0.75214064,0
0.958846,0
0.30489957,0
0.42338037,0
0.06917079,0
0.98750323,0
0.99870825,1
0.020746265,0
0.9974597,1
0.11513045,0
0.5211722,0
0.20282848,0
0.50143796,0
0.06463023,0
0.054317523,0
0.55433583,0
0.0023975014,0
0.5050133,0
0.09011358,0
0.27977246,0
0.03430551,0
0.122821815,0
0.17854874,0
1.0,1
0.05036237,0
0.49278834,0
0.37308675,0
0.047854114,0
0.17975798,0
0.023004817,0
0.0009226943,0
0.13314405,0
0.99601656,1
0.16915478,0
1.0,1
0.99999714,1
0.14662828,0
0.7351703,0
0.0041755885,0
0.2344769,0
0.6423186,0
0.6331506,0
0.9977307,1
0.50724226,0
0.98725975,0
0.11233931,0
0.012719282,0
0.0023885327,0
0.34327802,0
0.07502074,0
0.99981385,1
0.99999976,1
0.17100614,0
0.9196117,0
0.15258513,0
0.08366134,0
0.05865912,0
0.7071944,0
0.66788757,0
0.68187505,0
0.08976246,0
0.7784669,0
0.9013085,0
0.09332836,0
0.082325265,0
0.4649708,0
0.013067974,0
0.54579,0
0.04066849,0
0.9705384,0
0.7545687,0
0.21949,0
0.86026543,0
0.5461654,0
0.09365073,0
0.93214905,0
0.2299794,0
1.0,1
0.8744767,0
0.7381805,0
0.47143134,0
0.9982304,1
0.18114494,0
0.51569766,0
0.2398129,0
0.99999976,1
0.10242202,0
0.97677165,0
0.00019677484,0
0.028753782,0
0.99999464,1
0.00396139,0
0.45823008,0
0.99107766,1
0.3203936,0
6.393782e-05,0
0.6388759,0
0.5641908,0
0.3573799,0
0.76930463,0
0.08213698,0
0.0011963968,0
0.8880429,0
1.0,1
0.45859236,0
0.50104946,0
0.21634643,0
0.242646,0
0.21952061,0
0.0004600574,0
0.3142771,0
0.5798974,0
0.8510338,0
0.41288787,0
0.2913951,0
1.0,1
0.23246177,0
0.48589462,0
0.935725,0
0.87844604,0
0.002281125,0
0.14053445,0
0.6103792,0
0.9958205,1
0.97831184,0
0.33975405,0
0.38920563,0
0.095623784,0
0.042669155,0
0.8321805,0
0.15814686,0
0.89987665,0
0.13078369,0
0.058750607,0
1.0,1
0.64156556,0
0.3784062,0
0.32640728,0
0.7475805,0
0.0019566575,0
0.44772077,0
0.27591252,0
0.2608641,0
0.97932875,0
1.0,1
0.22276433,0
0.078269646,0
0.9986401,1
0.1546197,0
0.28676766,0
0.9806622,0
0.00225903,0
0.6029366,0
0.96302927,0
0.9965084,1
2.7291108e-07,0
0.56941617,0
0.35772872,0
0.41608807,0
0.048046812,0
0.39791316,0
0.2619589,0
0.2155289,0
0.18307978,0
0.3112211,0
0.4831972,0
0.00047015282,0
0.16044298,0
2.3445633e-05,0
0.21662748,0
0.039792728,0
0.587578,0
0.5330176,0
0.99999976,1
0.21073753,0
0.17688,0
0.2882076,0
0.00010342017,0
0.21081147,0
0.53824604,0
0.01344226,0
0.57642484,0
0.74404263,0
0.8707458,0
0.21968333,0
0.7609329,0
2.1129967e-05,0
0.3009993,0
0.38718197,0
0.08111389,0
0.91433275,0
0.009376334,0
0.07375564,0
0.99992025,1
0.073273055,0
0.56695956,0
0.011201741,0
0.005595141,0
0.0044633197,0
0.81864136,0
0.1158455,0
0.007714149,0
0.123214014,0
0.02254768,0
0.46918982,0
0.14470787,0
0.27274093,0
0.00042671908,0
0.55995405,0
0.004496471,0
1.0,1
0.009511796,0
0.51114523,0
0.99999857,1
0.1773804,0
0.4116858,0
0.24616407,0
0.6058028,0
0.86306643,0
0.025581446,0
0.12752333,0
0.5628735,0
0.27283987,0
0.6742288,0
0.9990583,1
0.16109248,0
0.9987674,1
1.0,1
0.83952445,0
0.32272974,0
0.99209726,1
0.61573267,0
0.35624605,0
0.0033698012,0
0.8516851,0
0.2658505,0
0.058178227,0
0.029607192,0
0.61327964,0
0.03265099,0
0.115147315,0
0.2280452,0
0.031205732,0
0.9999993,1
0.6511471,0
0.4939054,0
0.028353058,0
0.348458,0
0.0263132,0
6.024303e-07,0
0.9467856,0
3.6080169e-06,0
0.4453155,0
0.9983242,1
0.05156054,0
0.9999988,1
0.2581002,0
0.62774307,0
0.29767853,0
0.024695566,0
0.76789445,0
1.0,1
0.8779481,0
0.84844893,0
0.32714608,0
0.1018982,0
0.18541943,0
1.0,1
0.5270325,0
7.8759035e-07,0
0.5883335,0
0.7296935,0
1.0,1
0.22967932,0
0.5040692,0
0.27471367,0
0.003909769,0
0.9999944,1
0.1603717,0
0.07374866,0
0.23512492,0
0.10563419,0
0.17964585,0
0.052077506,0
0.08068032,0
0.28478345,0
0.9999534,1
0.22274314,0
0.33648264,0
0.04936413,0
0.95800674,0
0.5214114,0
0.43720725,0
0.19747677,0
0.46898788,0
0.06906993,0
0.123677656,0
0.3588473,0
0.88981855,0
0.07452239,0
0.04724759,0
0.29089364,0
0.07404321,0
0.115719914,0
0.99093235,1
0.87306905,0
0.36601454,0
0.23078439,0
0.008329927,0
1.0,1
0.9847084,0
0.3095757,0
0.99999964,1
0.89199215,0
0.63218784,0
0.9574481,0
0.7440662,0
0.03625571,0
0.9998872,1
0.6031299,0
0.72476035,0
0.040536918,0
0.23185219,0
0.18822007,0
0.54989314,0
0.8310534,0
0.3666896,0
4.982574e-05,0
0.8815222,0
0.45375556,0
0.7017497,0
0.49029604,0
0.38131317,0
0.4621689,0
0.21140824,0
0.6928751,0
0.06644146,0
0.9139768,0
0.45798695,0
0.12800874,0
0.4710967,0
0.964534,0
0.4218964,0
0.999283,1
0.0067832526,0
0.95073676,0
0.28381968,0
0.037939634,0
0.25291017,0
0.90371346,0
0.45712817,0
0.027624976,0
0.14034459,0
0.33223182,0
0.30114833,0
0.9699913,0
0.99596256,1
0.15943567,0
0.44358286,0
0.60795295,0
0.23166612,0
0.3325592,0
0.32769707,0
0.07220865,0
0.5587551,0
0.0071891514,0
0.9996836,1
0.56596076,0
0.013198405,0
0.61503243,0
0.072838455,0
0.27561957,0
0.16950665,0
0.55835575,0
0.6759396,0
0.49693495,0
0.22908883,0
0.8593179,0
0.22525321,0
0.00022769981,0
0.59942913,0
0.0007945725,0
0.7312778,0
0.005698165,0
0.038627945,0
0.46814355,0
0.116055265,0
0.29972103,0
0.93344885,0
0.00791067,0
0.325599,0
0.37280998,0
0.10164268,0
0.9999813,1
0.2327328,0
0.5069551,0
0.62936383,0
0.21573538,0
0.8320062,0
0.016725283,0
0.3800162,0
0.24625883,0
0.82697076,0
0.30912596,0
0.9985983,1
0.9859811,0
0.58861923,0
0.99992883,1
0.3719615,0
0.000110619825,0
0.42911634,0
0.6481692,0
0.40282828,0
0.99978536,1
0.78506655,0
0.29415601,0
0.15093687,0
0.08170439,0
0.39265165,0
0.019654857,0
0.17729552,0
0.2304194,0
0.44247073,0
0.1587774,0
0.97445774,0
0.6121616,0
0.09523805,0
0.17971697,0
0.54853445,0
0.082414865,0
0.059256915,0
0.18750805,0
0.023774961,0
2.854279e-06,0
0.60038555,0
0.19138509,0
0.9497099,0
0.3043748,0
0.10032116,0
0.05482862,0
1.0,1
0.26190832,0
0.11742437,0
1.0,1
0.49272814,0
1.0,1
0.66283846,0
0.04530801,0
0.992942,1
0.4251432,0
0.34026927,0
0.9999963,1
0.47855753,0
0.8336526,0
0.35344088,0
0.06538238,0
0.15680578,0
0.16774064,0
0.75777686,0
0.6126068,0
0.9986842,1
0.100629084,0
0.00038701468,0
0.026996596,0
0.44894764,0
0.3528282,0
0.3162103,0
0.111523814,0
0.99169135,1
0.15363789,0
0.99824536,1
0.43812558,0
0.08195011,0
0.64868134,0
0.5141225,0
0.5461881,0
0.06674912,0
0.99996984,1
0.10108023,0
0.9981653,1
0.13406633,0
0.58974403,0
0.582546,0
0.024322879,0
0.012422142,0
0.9999794,1
0.35606518,0
0.01345944,0
0.5954107,0
0.22656184,0
0.65955746,0
0.42053366,0
0.14146452,0
0.29632804,0
0.6038626,0
0.36901113,0
0.5954709,0
0.26545027,0
0.038393136,0
0.12915638,0
1.0,1
0.19548944,0
0.3691494,0
0.025103986,0
0.96784323,0
0.97806084,0
0.032272298,0
0.30401438,0
0.14407024,0
0.44474936,0
0.105646856,0
0.50724775,0
0.47698915,0
0.99704343,1
0.27235857,0
0.24454723,0
0.33485973,0
0.77932024,0
0.12283974,0
0.75344145,0
0.3493513,0
0.16353534,0
0.11063287,0
0.041104168,0
0.007646497,0
0.039939914,0
5.195239e-06,0
0.81236875,0
0.5335864,0
0.45735875,0
0.16396296,0
0.38804713,0
0.2852634,0
0.0024155017,0
0.65924644,0
0.4759836,0
0.99998987,1
0.17981188,0
0.05805594,0
0.001991753,0
0.7727977,0
0.62692904,0
0.42552173,0
0.68785226,0
0.4705059,0
0.31248918,0
0.51529044,0
0.8807757,0
0.41385666,0
0.022843372,0
0.120397694,0
0.20330724,0
0.22006106,0
0.11922006,0
0.11927629,0
0.17812829,0
0.19270098,0
0.719464,0
0.20661506,0
0.3447282,0
0.023472963,0
0.20578893,0
0.067601494,0
0.79230154,0
0.6117522,0
0.8882368,0
0.84382284,0
0.43350756,0
0.97158694,0
0.30077627,0
0.9892436,0
0.15465187,0
0.0031296085,0
0.7608035,0
0.033024054,0
0.11509005,0
0.09825768,0
0.39532924,0
0.38514096,0
0.082436614,0
0.47466144,0
0.1808078,0
0.79955673,0
0.89862686,0
0.3106941,0
0.99874395,1
0.4355198,0
0.302227,0
0.5704051,0
0.032758646,0
0.6542942,0
0.0063259574,0
0.37828812,0
0.064199425,0
0.07253982,0
1.0,1
0.05004079,0
0.2142322,0
0.1663278,0
0.8576076,0
0.6395212,0
1.0,1
0.99994314,1
0.33058646,0
0.35116962,0
0.29979432,0
0.9376481,0
0.009523349,0
0.74682367,0
0.36606342,0
1.0,1
0.06549392,0
5.4464377e-05,0
0.014288044,0
0.91084665,0
3.420345e-05,0
0.8914038,0
0.9993351,1
0.3084148,0
0.028244615,0
0.8413868,0
0.58783656,0
0.06619389,0
0.9999981,1
0.097951666,0
0.02307751,0
0.11412426,0
0.8674167,0
0.25003442,0
0.015066966,0
0.99991035,1
0.42707595,0
0.025143057,0
0.6233409,0
0.01699964,0
0.008730305,0
0.53296345,0
0.33237794,0
1.0,1
0.19286163,0
0.013568766,0
1.0,1
0.19361758,0
0.28792983,0
0.21330182,0
0.1944701,0
0.35519576,0
0.9999999,1
1.0,1
0.6384979,0
0.28754315,0
0.99999976,1
0.48240656,0
1.0,1
0.4508861,0
0.052390005,0
0.8415282,0
0.47220114,0
0.052550297,0
2.1873552e-09,0
0.8726435,0
0.009796773,0
0.14349747,0
0.04005034,0
0.99467975,1
0.1453939,0
0.077002525,0
0.9999999,1
0.0033730166,0
0.5308271,0
0.13770723,0
0.9999845,1
0.0038315735,0
0.10241779,0
0.001217655,0
0.023866901,0
0.8991879,0
0.020086791,0
0.3547039,0
0.12511727,0
0.9964167,1
0.152104,0
0.060707867,0
0.14659655,0
0.4494311,0
0.5417332,0
0.9999783,1
0.23447327,0
0.038747575,0
0.063254364,0
0.28767198,0
0.059902903,0
0.35444647,0
0.2767777,0
0.14831693,0
0.00923961,0
0.99944466,1
0.16568494,0
0.52130777,0
0.070996985,0
0.9759448,0
2.659875e-06,0
0.046869695,0
0.09114184,0
0.4971549,0
0.3031163,0
0.0003409711,0
0.13560429,0
0.28406444,0
0.34775698,0
0.9319729,0
0.10715288,0
0.83854324,0
0.9939545,1
0.16334096,0
0.64768696,0
0.0032107595,0
0.47711596,0
0.0056259125,0
0.58096564,0
0.77657354,0
0.48589462,0
0.54651314,0
0.9769882,0
0.014603011,0
0.9129263,0
0.19108817,0
0.9265695,0
0.16872649,0
0.008639145,0
0.6685761,0
0.08209824,0
0.4241582,0
0.97146857,0
0.99889106,1
0.6979083,0
0.08500444,0
0.16030234,0
0.8050762,0
0.6662745,0
0.42473525,0
0.09512,0
0.5613049,0
0.60181063,0
0.44530493,0
0.9203655,0
0.390605,0
2.7171257e-06,0
0.99999404,1
0.3527409,0
0.31550476,0
0.8191174,0
0.27088043,0
0.2578544,0
4.66052e-12,0
0.71218294,0
0.094889425,0
0.10054085,0
0.21799235,0
0.114558354,0
0.5826545,0
0.62043583,0
0.17697164,0
0.0033107765,0
0.96657914,0
0.865874,0
0.99737984,1
0.9959,1
0.37509042,0
0.87303233,0
0.0041274284,0
0.03271725,0
0.30690545,0
0.07873572,0
0.56519526,0
0.12432915,0
1.0,1
0.0040901066,0
0.3850765,0
0.27327153,0
0.28004467,0
0.22217838,0
0.123904705,0
0.078736775,0
0.55015254,0
0.87452304,0
0.49403968,0
0.42450526,0
0.42401853,0
0.37201506,0
0.033144705,0
0.9732805,0
0.1598595,0
0.4085453,0
0.7210827,0
0.5892124,0
0.2997068,0
0.6159424,0
0.22963096,0
0.45921877,0
0.016016938,0
0.4941442,0
0.031544767,0
0.035111684,0
0.9959986,1
0.008065104,0
0.43199694,0
0.6373946,0
0.8920574,0
0.99571013,1
0.03758785,0
0.2139723,0
0.42243195,0
0.00049753947,0
0.26469004,0
0.43309364,0
1.55002e-09,0
0.6022618,0
0.38083532,0
0.103956364,0
0.05591585,0
0.97841334,0
0.80575234,0
0.62150514,0
0.24784534,0
0.099038556,0
0.99908555,1
0.1920688,0
0.19683203,0
0.99991477,1
0.011737226,0
0.00043472083,0
0.06243863,0
0.28619376,0
0.35623807,0
0.18629041,0
0.980644,0
0.02897863,0
0.59746724,0
0.027475832,0
0.9962113,1
0.37481454,0
1.0,1
0.56861,0
0.9999751,1
0.0010411231,0
0.9931978,1
0.8479395,0
1.0,1
0.25108257,0
0.007822011,0
0.0088805,0
0.65164024,0
0.2708968,0
0.4886626,0
0.7802704,0
0.66401017,0
0.34566846,0
0.787474,0
0.40588355,0
0.52062833,0
0.055669475,0
0.3667195,0
0.16773973,0
0.74815476,0
0.17174895,0
0.033618193,0
0.00023532737,0
0.04637426,0
0.9437839,0
0.45429638,0
0.0007143843,0
0.89154863,0
0.06630945,0
0.30465722,0
0.087012865,0
1.0,1
0.0356677,0
0.44594508,0
0.43666342,0
0.7266226,0
0.28725514,0
0.99999976,1
0.021811806,0
0.7337922,0
1.0,1
0.20208515,0
0.15612836,0
0.20341173,0
0.047423266,0
0.07712714,0
0.107982695,0
0.989019,0
0.06403243,0
0.43181422,0
1.0,1
0.00039183817,0
0.38493374,0
0.17295204,0
0.13405348,0
0.12811588,0
0.1573674,0
0.92249876,0
0.12317946,0
0.22890517,0
0.8079421,0
0.3177813,0
0.46784794,0
0.39231515,0
0.8065771,0
0.999962,1
0.54308754,0
4.4155917e-05,0
0.05977844,0
0.98820484,0
0.48181155,0
0.704603,0
0.4667575,0
0.84995705,0
0.9976163,1
0.065124616,0
0.088282414,0
0.494137,0
0.013448928,0
0.078066684,0
0.017161509,0
0.11231327,0
0.08021891,0
1.0,1
0.47558403,0
0.38881877,0
0.24782689,0
0.12333318,0
0.80936784,0
0.6177694,0
0.62042946,0
0.72441995,0
0.870105,0
0.28160354,0
0.030936286,0
0.0645774,0
0.29159373,0
0.6359146,0
0.07461864,0
0.08071349,0
0.060159195,0
0.32876754,0
0.90419036,0
0.27601188,0
0.3327972,0
0.893714,0
0.004428235,0
0.5749858,0
0.48798627,0
0.99417615,1
0.15777402,0
0.2724169,0
0.00011403264,0
1.0,1
0.051109888,0
0.160833,0
0.11475642,0
0.2943981,0
0.3260478,0
0.9053241,0
1.2577393e-05,0
0.35658452,0
0.5923433,0
0.885793,0
0.016242832,0
0.68336844,0
0.42235154,0
0.29421505,0
0.15902758,0
0.5770671,0
0.06570428,0
0.18249813,0
0.28632888,0
2.9930704e-06,0
0.12092698,0
0.09979213,0
0.039797056,0
0.32061937,0
0.9749799,0
0.0011305413,0
0.0643833,0
0.30805522,0
0.00050617906,0
0.3350502,0
0.9373001,0
0.097089104,0
0.74456793,0
0.86332715,0
0.0005426076,0
0.5904676,0
0.33920744,0
0.6526408,0
0.0016521149,0
0.06282384,0
0.029698905,0
0.94006944,0
0.18067986,0
0.6435568,0
1.5493075e-05,0
0.737226,0
0.05726153,0
0.15499924,0
0.8475525,0
2.3623795e-10,0
0.010526156,0
0.99785537,1
1.0,1
0.055105288,0
0.79461235,0
0.029333275,0
0.02249381,0
0.7043982,0
0.2525375,0
0.44886577,0
0.22353423,0
0.016885277,0
0.09336496,0
0.99836546,1
0.457592,0
0.90590316,0
0.7851846,0
0.43042687,0
0.34609777,0
7.499655e-05,0
0.0014628983,0
0.9205861,0
0.977478,0
0.054423142,0
0.15000422,0
0.17674808,0
0.37129533,0
0.25730613,0
0.48995122,0
0.1148555,0
0.60841393,0
0.3200273,0
0.67367274,0
0.025408976,0
0.01190251,0
0.46761015,0
0.079601415,0
0.99999356,1
0.0011461503,0
0.37335888,0
0.16326864,0
0.2989142,0
0.024521582,0
0.9999609,1
1.0,1
0.7731712,0
0.09265104,0
0.27709305,0
0.08019107,0
0.7710703,0
0.0012687286,0
0.38947877,0
0.4927534,0
0.6650107,0
0.12514222,0
0.53886074,0
0.10753624,0
0.19662362,0
0.001064345,0
0.7766342,0
0.0065974486,0
0.50775045,0
0.991797,1
0.0011108392,0
0.01230683,0
0.99976796,1
1.0,1
0.5265438,0
0.21780197,0
0.081670046,0
0.41599727,0
0.18308799,0
1.0,1
0.0821946,0
0.13960765,0
0.04810987,0
0.350075,0
0.057978854,0
0.009508544,0
0.009943054,0
0.9999995,1
0.13549285,0
0.048040695,0
0.0014641727,0
0.8393923,0
0.71313316,0
0.99957687,1
0.38072836,0
0.2961395,0
0.057534896,0
0.1628776,0
0.9999529,1
0.14769796,0
0.698976,0
0.46432734,0
0.18071263,0
0.049737513,0
0.8037933,0
0.33706886,0
0.9800591,0
0.077361904,0
0.10769217,0
0.16443662,0
0.9981047,1
0.026906935,0
0.9999198,1
0.16123414,0
0.12749143,0
0.03742174,0
0.8292625,0
0.62937254,0
0.4091348,0
0.99846774,1
0.5671307,0
0.31025094,0
0.30726585,0
0.18595962,0
0.24329339,0
0.39942244,0
0.008369139,0
0.34381732,0
0.16068049,0
0.0039290856,0
0.99848515,1
0.07453635,0
0.79625684,0
0.7909848,0
0.015898526,0
0.8152862,0
0.6018067,0
0.7425115,0
0.48562327,0
0.7521701,0
0.10550484,0
0.8122216,0
0.11747926,0
0.5485481,0
0.39291742,0
0.41392928,0
0.44589317,0
0.266537,0
0.02307245,0
0.21273606,0
0.28112793,0
0.16389158,0
0.49561447,0
0.06719629,0
0.9998853,1
0.3599878,0
0.4624353,0
0.4861801,0
0.2787495,0
0.6607649,0
0.12788907,0
0.0691013,0
0.17341381,0
0.17375296,0
0.16106331,0
0.07643158,0
0.9967629,1
0.71339023,0
0.23734625,0
0.3394595,0
0.27099922,0
0.81680834,0
0.03010959,0
0.69047725,0
0.9818178,0
0.92969733,0
0.5877399,0
0.55637825,0
0.5113633,0
0.07233308,0
0.7370862,0
7.6805954e-05,0
0.82326275,0
0.033621963,0
1.0,1
0.6257847,0
0.006007666,0
0.080426104,0
0.5585227,0
0.0007304344,0
0.2802821,0
0.0148197105,0
0.74415237,0
0.01402171,0
0.9465421,0
0.062767155,0
0.5537616,0
0.23856346,0
0.45150077,0
0.014148636,0
0.2663404,0
0.44211608,0
